experiment_id,np,dims_str,local_x,local_y,local_z,rank,n_reps,n_iter,mean_boundaries_s,mean_interior_s,mean_bookkeeping_s,mean_kernel_s,median_kernel_s,sd_kernel_s
strongscale_native_np01_1x1x1_N968,1,1x1x1,960,960,960,0,5,500,0,0.35039902,0,0.35039902,0.34988281,0.0016705304119051412
strongscale_native_np02_1x1x2_N968,2,1x1x2,960,960,480,0,5,495,0.016939703599999974,0.12340646368080807,0.002249005880808005,0.14034616728080804,0.1404294969999924,0.0029059509620776606
strongscale_native_np02_1x1x2_N968,2,1x1x2,960,960,480,1,5,495,0.01649958294545474,0.12264449764848455,0.002317602478787947,0.1391440805939393,0.13866305300000903,8.258512936105595e-4
strongscale_native_np02_1x2x1_N968,2,1x2x1,960,480,960,0,5,495,0.028180631020202077,0.13118496662626286,0.0022727518404040852,0.15936559764646493,0.15925693599999846,0.0026792810370948883
strongscale_native_np02_1x2x1_N968,2,1x2x1,960,480,960,1,5,495,0.02778408504040408,0.13050090713737367,0.002332333838383816,0.15828499217777775,0.15790534099999576,9.106990195761048e-4
strongscale_native_np02_2x1x1_N968,2,2x1x1,480,960,960,0,5,495,0.08681314255353548,0.13134271977373732,0.006505015884848331,0.2181558623272728,0.21932363499999497,0.0042194463629591054
strongscale_native_np02_2x1x1_N968,2,2x1x1,480,960,960,1,5,495,0.07858385220606051,0.1307776403030304,0.006392260753535296,0.20936149250909092,0.20965838499999734,0.003092825151378285
strongscale_native_np04_1x1x4_N968,4,1x1x4,960,960,240,0,5,495,0.010760072228282732,0.05856577503434354,0.002634974212121193,0.06932584726262628,0.06873702900000112,0.002116656136479538
strongscale_native_np04_1x1x4_N968,4,1x1x4,960,960,240,1,5,495,0.010590808074747491,0.058145139684848746,0.006706373589899166,0.06873594775959624,0.06842899299999772,0.0014494494269814266
strongscale_native_np04_1x1x4_N968,4,1x1x4,960,960,240,2,5,495,0.010609815090909,0.05835602450909082,0.006385766636363395,0.06896583959999981,0.06837582500000394,0.00178856882577061
strongscale_native_np04_1x1x4_N968,4,1x1x4,960,960,240,3,5,495,0.01075669299595969,0.058107624636363805,0.002958641626262613,0.0688643176323235,0.06821513199999885,0.001976943361995393
strongscale_native_np04_1x2x2_N968,4,1x2x2,960,480,480,0,5,495,0.015672176062626164,0.061602073222222255,0.004560772561616158,0.07727424928484843,0.07695555599999793,0.002003627872199932
strongscale_native_np04_1x2x2_N968,4,1x2x2,960,480,480,1,5,495,0.014808936539393878,0.06127034489292924,0.004856109632323267,0.07607928143232312,0.07590937599999847,0.0011596543584736108
strongscale_native_np04_1x2x2_N968,4,1x2x2,960,480,480,2,5,495,0.015893549836363652,0.061457986018181726,0.004348727894949372,0.07735153585454538,0.077658416000002,9.210511097215568e-4
strongscale_native_np04_1x2x2_N968,4,1x2x2,960,480,480,3,5,495,0.013098023149494969,0.061197817949494845,0.004996192818181813,0.07429584109898982,0.07419562299999782,0.0010546398024546262
strongscale_native_np04_1x4x1_N968,4,1x4x1,960,240,960,0,5,495,0.028094578260605976,0.067660374111111,0.002655479175757419,0.09575495237171698,0.09540438699999498,0.002768587543998697
strongscale_native_np04_1x4x1_N968,4,1x4x1,960,240,960,1,5,495,0.02742220224646459,0.0671830056989896,0.00688838524848497,0.0946052079454542,0.09448766699999922,0.001504717111821821
strongscale_native_np04_1x4x1_N968,4,1x4x1,960,240,960,2,5,495,0.02761932137979796,0.06751974665454541,0.006683068793939248,0.09513906803434337,0.09487748000000096,0.0018856514472961083
strongscale_native_np04_1x4x1_N968,4,1x4x1,960,240,960,3,5,495,0.026763784016161484,0.06725246930505055,0.0027305535676767725,0.09401625332121202,0.09343242699999621,0.0022977285135362385
strongscale_native_np04_2x1x2_N968,4,2x1x2,480,960,480,0,5,495,0.045727569402020045,0.06134649384848503,0.0073990287030301005,0.10707406325050507,0.10540294599999811,0.004518043508674574
strongscale_native_np04_2x1x2_N968,4,2x1x2,480,960,480,1,5,495,0.03274206103434351,0.061051096583838456,0.00527687074545468,0.09379315761818197,0.09554433799999629,0.007330831801164324
strongscale_native_np04_2x1x2_N968,4,2x1x2,480,960,480,2,5,495,0.04548561453131319,0.0612715359575757,0.007497947888889064,0.10675715048888888,0.10537910499999725,0.0040656331158271585
strongscale_native_np04_2x1x2_N968,4,2x1x2,480,960,480,3,5,495,0.013272526254545502,0.060950664543434396,0.006925703814141463,0.0742231907979799,0.0742185130000017,2.6553304046592204e-4
strongscale_native_np04_2x2x1_N968,4,2x2x1,480,480,960,0,5,495,0.056674593632323175,0.06769503681616161,0.007640144587878845,0.12436963044848479,0.12294006400000157,0.0038150841923864135
strongscale_native_np04_2x2x1_N968,4,2x2x1,480,480,960,1,5,495,0.046771798010101104,0.06735909009090905,0.005493747323232271,0.11413088810101016,0.11403107499999976,0.004805910996232548
strongscale_native_np04_2x2x1_N968,4,2x2x1,480,480,960,2,5,495,0.05729342084848475,0.06762922462626245,0.0078108517777778635,0.1249226454747472,0.12357664099999965,0.0035194530544253437
strongscale_native_np04_2x2x1_N968,4,2x2x1,480,480,960,3,5,495,0.024785326476767507,0.06729427059595977,0.007369454707070578,0.09207959707272727,0.09207868600000069,3.295727112053206e-4
strongscale_native_np04_4x1x1_N968,4,4x1x1,240,960,960,0,5,495,0.08837112320606072,0.06651940729696978,0.017982019066666643,0.1548905305030305,0.15484619200000793,0.003492795684539788
strongscale_native_np04_4x1x1_N968,4,4x1x1,240,960,960,1,5,495,0.09676905735555551,0.06614296173737357,0.013087780795959578,0.16291201909292907,0.15843296000000606,0.009863823178261249
strongscale_native_np04_4x1x1_N968,4,4x1x1,240,960,960,2,5,495,0.09743526150303046,0.0663759978060607,0.019485309894949367,0.16381125930909116,0.1577322489999915,0.01092613813185471
strongscale_native_np04_4x1x1_N968,4,4x1x1,240,960,960,3,5,495,0.08925784192525268,0.06612206226666645,0.006540627909090888,0.15537990419191913,0.15186619800000045,0.010208258530325852
strongscale_native_np08_1x1x8_N968,8,1x1x8,960,960,120,0,5,495,0.009680263931313151,0.027483471476767714,0.003727325294949536,0.037163735408080864,0.036387204999996925,0.0019464805865483771
strongscale_native_np08_1x1x8_N968,8,1x1x8,960,960,120,1,5,495,0.00816888808484842,0.027240169874747432,0.006147673181818235,0.035409057959595855,0.03546929399999854,0.001423206299944656
strongscale_native_np08_1x1x8_N968,8,1x1x8,960,960,120,2,5,495,0.00796287997373739,0.027392384002020265,0.008154287234343414,0.03535526397575765,0.035460472000000465,0.0016527345629396913
strongscale_native_np08_1x1x8_N968,8,1x1x8,960,960,120,3,5,495,0.008802161571717136,0.02727159105656566,0.006196458858585892,0.036073752628282794,0.03585767799999928,0.0014174357159970423
strongscale_native_np08_1x1x8_N968,8,1x1x8,960,960,120,4,5,495,0.008710250456565682,0.02729790670101004,0.007575537921212083,0.03600815715757572,0.03586578399999851,0.0015183343964723108
strongscale_native_np08_1x1x8_N968,8,1x1x8,960,960,120,5,5,495,0.008506068759596013,0.027357506040403993,0.008369071088888874,0.035863574800000006,0.035677911000000506,0.001474464982705433
strongscale_native_np08_1x1x8_N968,8,1x1x8,960,960,120,6,5,495,0.00855968748282828,0.0272536595474748,0.008103615810100885,0.03581334703030308,0.03543114599999875,0.0018197435321450918
strongscale_native_np08_1x1x8_N968,8,1x1x8,960,960,120,7,5,495,0.009617661472727267,0.02743241667070699,0.0030268442545454146,0.03705007814343426,0.03630852700000098,0.0021722953565592494
strongscale_native_np08_1x2x4_N968,8,1x2x4,960,480,240,0,5,495,0.008208491105050592,0.02906789296161623,0.002347606575757647,0.03727638406666682,0.03706240700000052,0.001467436992907483
strongscale_native_np08_1x2x4_N968,8,1x2x4,960,480,240,1,5,495,0.007935709414141396,0.02894710000808084,0.004296036931313136,0.03688280942222224,0.03646206899999882,0.0014511295189792081
strongscale_native_np08_1x2x4_N968,8,1x2x4,960,480,240,2,5,495,0.008056366062626216,0.029053602808080822,0.004173612593939381,0.037109968870707034,0.03680682199999907,0.0015398707741321347
strongscale_native_np08_1x2x4_N968,8,1x2x4,960,480,240,3,5,495,0.008473431460606034,0.028941285478787968,0.002265308826262691,0.037414716939394,0.036780833999999984,0.0015983262307034919
strongscale_native_np08_1x2x4_N968,8,1x2x4,960,480,240,4,5,495,0.007990744614141444,0.029012869341414074,0.002520120991919167,0.03700361395555552,0.0363748070000014,0.0014742447973975265
strongscale_native_np08_1x2x4_N968,8,1x2x4,960,480,240,5,5,495,0.0069615306060606215,0.02899836338383844,0.0043390269151516,0.03595989398989906,0.03581547699999632,9.120363248856432e-4
strongscale_native_np08_1x2x4_N968,8,1x2x4,960,480,240,6,5,495,0.006939430959595977,0.0289225192787878,0.004332340579798128,0.035861950238383775,0.035702467000000127,9.670939455991107e-4
strongscale_native_np08_1x2x4_N968,8,1x2x4,960,480,240,7,5,495,0.006980960056565698,0.029047315775757622,0.002354547197979784,0.03602827583232332,0.03592181200000155,8.500278256722113e-4
strongscale_native_np08_1x4x2_N968,8,1x4x2,960,240,480,0,5,495,0.014523515311111056,0.03183620676565655,0.0026052932242423936,0.046359722076767605,0.04575443299999904,0.0020786348931701925
strongscale_native_np08_1x4x2_N968,8,1x4x2,960,240,480,1,5,495,0.013804836929292913,0.031680088305050536,0.0024911008666667167,0.04548492523434344,0.045024871000000743,0.0018034803968636523
strongscale_native_np08_1x4x2_N968,8,1x4x2,960,240,480,2,5,495,0.013395119721212191,0.031612620678787964,0.0050055320929291896,0.04500774040000016,0.04482030800000203,0.001243884081265265
strongscale_native_np08_1x4x2_N968,8,1x4x2,960,240,480,3,5,495,0.012245367969696934,0.031546764171717194,0.004836005886868739,0.04379213214141413,0.04360723399999955,0.0013344342290570344
strongscale_native_np08_1x4x2_N968,8,1x4x2,960,240,480,4,5,495,0.013633167400000016,0.03169213691313131,0.004798792341414103,0.04532530431313132,0.045120954999999796,0.001330296513399934
strongscale_native_np08_1x4x2_N968,8,1x4x2,960,240,480,5,5,495,0.012345296206060634,0.03177428534141415,0.004872033070707145,0.044119581547474786,0.04402923600000008,0.001009812715894308
strongscale_native_np08_1x4x2_N968,8,1x4x2,960,240,480,6,5,495,0.014496495476767677,0.031654119959595994,0.002349662820202166,0.046150615436363666,0.04562616399999975,0.0017368178703783123
strongscale_native_np08_1x4x2_N968,8,1x4x2,960,240,480,7,5,495,0.012294266907070816,0.03180950098989907,0.002431349343434239,0.04410376789696988,0.04400444000000192,0.0010896290356251222
strongscale_native_np08_1x8x1_N968,8,1x8x1,960,120,960,0,5,495,0.027356575973737376,0.031017322733333238,0.0027260939515151173,0.05837389870707061,0.05798602199999969,0.0020084303346168115
strongscale_native_np08_1x8x1_N968,8,1x8x1,960,120,960,1,5,495,0.025955621153535377,0.030782930280808134,0.005968883335353634,0.05673855143434351,0.056884527999999435,0.001311819119735373
strongscale_native_np08_1x8x1_N968,8,1x8x1,960,120,960,2,5,495,0.026247194539394066,0.030915902373737272,0.006054215478787994,0.05716309691313134,0.05722451300000131,0.0014954251408354064
strongscale_native_np08_1x8x1_N968,8,1x8x1,960,120,960,3,5,495,0.02633219294545453,0.030796697442424165,0.005759103868686842,0.057128890387878696,0.05654215800000273,0.0019856381506986385
strongscale_native_np08_1x8x1_N968,8,1x8x1,960,120,960,4,5,495,0.026539684535353672,0.03085841795555551,0.006188109886868578,0.05739810249090918,0.056783199000001616,0.0017576890763461618
strongscale_native_np08_1x8x1_N968,8,1x8x1,960,120,960,5,5,495,0.026233258389899067,0.030947191044444402,0.007221917438383869,0.057180449434343465,0.05701923399999842,0.0017911777498300307
strongscale_native_np08_1x8x1_N968,8,1x8x1,960,120,960,6,5,495,0.026441668965656594,0.030865887442424227,0.006978225232323275,0.05730755640808082,0.05700969800000166,0.0016714851627648967
strongscale_native_np08_1x8x1_N968,8,1x8x1,960,120,960,7,5,495,0.026809640379797942,0.030950173949494994,0.0026796875555556046,0.05775981432929294,0.057363748999996744,0.001786312670516133
strongscale_native_np08_2x1x4_N968,8,2x1x4,480,960,240,0,5,495,0.022226557117171742,0.028668768218181883,0.004527468167676732,0.050895325335353625,0.05064582700000031,0.0017632641427828145
strongscale_native_np08_2x1x4_N968,8,2x1x4,480,960,240,1,5,495,0.012336571034343366,0.028509597111111066,0.006190979115151432,0.040846168145454435,0.04034328500000228,0.004110536252648816
strongscale_native_np08_2x1x4_N968,8,2x1x4,480,960,240,2,5,495,0.012292067193939332,0.02860730055959584,0.006266024638383782,0.04089936775353517,0.04212593999999825,0.0039054795993477293
strongscale_native_np08_2x1x4_N968,8,2x1x4,480,960,240,3,5,495,0.009409135284848458,0.028490475012121142,0.004316712894949475,0.0378996102969696,0.03688716900000344,0.0028894539073415068
strongscale_native_np08_2x1x4_N968,8,2x1x4,480,960,240,4,5,495,0.02193927619595966,0.028588972167676804,0.004924718313131232,0.050528248363636466,0.050169706999998454,0.001535131935867655
strongscale_native_np08_2x1x4_N968,8,2x1x4,480,960,240,5,5,495,0.007345997648484861,0.02865359519393931,0.00633388238787886,0.035999592842424176,0.035926579999998154,5.192800594613525e-4
strongscale_native_np08_2x1x4_N968,8,2x1x4,480,960,240,6,5,495,0.007315524866666736,0.02854329212323241,0.006383679151515147,0.035858816989899144,0.035785912999998004,4.3916153334564004e-4
strongscale_native_np08_2x1x4_N968,8,2x1x4,480,960,240,7,5,495,0.00723725568686873,0.028671704866666724,0.004356848107070721,0.03590896055353545,0.0358045099999984,6.411851734061587e-4
strongscale_native_np08_2x2x2_N968,8,2x2x2,480,480,480,0,5,495,0.027657783896969684,0.03206693715555545,0.004805626531313101,0.059724721052525125,0.059441803999998655,0.0019882998718102804
strongscale_native_np08_2x2x2_N968,8,2x2x2,480,480,480,1,5,495,0.014066164931313114,0.031909059731313076,0.004481126321212123,0.04597522466262619,0.04489850999999945,0.002768633848946093
strongscale_native_np08_2x2x2_N968,8,2x2x2,480,480,480,2,5,495,0.016454610442424245,0.031999125648484755,0.004425313737373804,0.048453736090909,0.04674315299999954,0.003685057952977052
strongscale_native_np08_2x2x2_N968,8,2x2x2,480,480,480,3,5,495,0.012385617381818228,0.03183935627676766,0.0041772115151515535,0.04422497365858588,0.044193029999998856,5.010367919955256e-4
strongscale_native_np08_2x2x2_N968,8,2x2x2,480,480,480,4,5,495,0.02753563554141407,0.03202853059595964,0.0048288427070708045,0.05956416613737371,0.05938935200000017,0.0013237066076478088
strongscale_native_np08_2x2x2_N968,8,2x2x2,480,480,480,5,5,495,0.012490826430302924,0.03209662390909093,0.004683165628282763,0.044587450339393854,0.04456233999999881,6.040531404375969e-4
strongscale_native_np08_2x2x2_N968,8,2x2x2,480,480,480,6,5,495,0.012569953454545492,0.03203553816969702,0.004690086973737397,0.04460549162424251,0.04453897500000181,5.8827582252381e-4
strongscale_native_np08_2x2x2_N968,8,2x2x2,480,480,480,7,5,495,0.012393065202020277,0.0320925722222222,0.004331792969696903,0.044485637424242476,0.044447899000001456,5.107576905561362e-4
strongscale_native_np08_2x4x1_N968,8,2x4x1,480,240,960,0,5,495,0.04047300359191915,0.035530833052525364,0.0037975880161615853,0.07600383664444452,0.0753710269999992,0.0026072090881979052
strongscale_native_np08_2x4x1_N968,8,2x4x1,480,240,960,1,5,495,0.030949465436363687,0.03530573989494952,0.0060370854828282325,0.06625520533131321,0.06799173299999595,0.004531506530364086
strongscale_native_np08_2x4x1_N968,8,2x4x1,480,240,960,2,5,495,0.02898862529292923,0.03541921992121208,0.0061297657252524515,0.06440784521414131,0.06351852499999922,0.004046895289736668
strongscale_native_np08_2x4x1_N968,8,2x4x1,480,240,960,3,5,495,0.027183797115151582,0.03525696810909093,0.0034269727777778186,0.06244076522424251,0.06084418299999683,0.004077994382684247
strongscale_native_np08_2x4x1_N968,8,2x4x1,480,240,960,4,5,495,0.03919891734343427,0.035375475640404115,0.00416411774949491,0.07457439298383838,0.07416582099999935,0.0018958753297865158
strongscale_native_np08_2x4x1_N968,8,2x4x1,480,240,960,5,5,495,0.024419057743434367,0.035373901608080884,0.005848116840403975,0.059792959351515254,0.059519292000000945,9.893212352273402e-4
strongscale_native_np08_2x4x1_N968,8,2x4x1,480,240,960,6,5,495,0.024652159818181814,0.03530784808080813,0.005912219644444408,0.05996000789898995,0.05970883400000204,7.588504394355433e-4
strongscale_native_np08_2x4x1_N968,8,2x4x1,480,240,960,7,5,495,0.023979324282828268,0.03543801451313129,0.0036763489939394796,0.05941733879595956,0.05917096099999597,9.821552642818104e-4
strongscale_native_np08_4x1x2_N968,8,4x1x2,240,960,480,0,5,495,0.04503488492929288,0.031337695181818184,0.006017186397979739,0.07637258011111107,0.07558727300000001,0.0029794044840344503
strongscale_native_np08_4x1x2_N968,8,4x1x2,240,960,480,1,5,495,0.014165233832323324,0.031127803973737333,0.0051541593555556,0.04529303780606066,0.044564724000000666,0.0029348668431972216
strongscale_native_np08_4x1x2_N968,8,4x1x2,240,960,480,2,5,495,0.04210283493939403,0.031213518579797987,0.009102053567676818,0.07331635351919202,0.07321739300000019,0.0021455644111128057
strongscale_native_np08_4x1x2_N968,8,4x1x2,240,960,480,3,5,495,0.012996351343434463,0.031088066563636364,0.014997539622222226,0.04408441790707082,0.04400730100000061,6.87770571167192e-4
strongscale_native_np08_4x1x2_N968,8,4x1x2,240,960,480,4,5,495,0.04336994153131303,0.031082215438383815,0.017238387208080942,0.07445215696969684,0.07441186899999863,0.0021131235390773793
strongscale_native_np08_4x1x2_N968,8,4x1x2,240,960,480,5,5,495,0.012763808036363762,0.031141065341414167,0.009659925145454626,0.04390487337777793,0.043869493999999065,2.2346405062128317e-4
strongscale_native_np08_4x1x2_N968,8,4x1x2,240,960,480,6,5,495,0.04717082061616176,0.031059582567676748,0.00589078217979797,0.07823040318383852,0.07666754699999956,0.005488610355669317
strongscale_native_np08_4x1x2_N968,8,4x1x2,240,960,480,7,5,495,0.012699614173737314,0.031154815553535296,0.006070898014141375,0.04385442972727261,0.04383158599999959,1.6961245975273602e-4
strongscale_native_np08_4x2x1_N968,8,4x2x1,240,480,960,0,5,495,0.06070010591919193,0.036078126498989956,0.005415973749494953,0.09677823241818188,0.096305847,0.0036805286416880982
strongscale_native_np08_4x2x1_N968,8,4x2x1,240,480,960,1,5,495,0.026084319985858646,0.035905971874747436,0.004782249472727182,0.06199029186060608,0.06164932200000095,0.002364229810011819
strongscale_native_np08_4x2x1_N968,8,4x2x1,240,480,960,2,5,495,0.05441081642626267,0.03600765237171713,0.008654592961616114,0.0904184687979798,0.09030246700000077,0.0020872127428923286
strongscale_native_np08_4x2x1_N968,8,4x2x1,240,480,960,3,5,495,0.025161686315151557,0.035831485092929216,0.008961456456565774,0.060993171408080776,0.06093907299999657,6.326003958026914e-4
strongscale_native_np08_4x2x1_N968,8,4x2x1,240,480,960,4,5,495,0.05545285014141418,0.03611210521414143,0.008238041066666587,0.09156495535555562,0.09146547299999952,0.0019553032042259237
strongscale_native_np08_4x2x1_N968,8,4x2x1,240,480,960,5,5,495,0.025044155589898896,0.036090446749494944,0.008697925420202075,0.06113460233939384,0.06110692000000384,3.770740176817747e-4
strongscale_native_np08_4x2x1_N968,8,4x2x1,240,480,960,6,5,495,0.06071617772525261,0.03612415816363642,0.005459938654545604,0.09684033588888903,0.09420037199999953,0.005824506406384841
strongscale_native_np08_4x2x1_N968,8,4x2x1,240,480,960,7,5,495,0.02484888116161618,0.03622364228484842,0.00496764569090907,0.061072523446464605,0.06103920999999701,4.559018233544141e-4
strongscale_native_np08_8x1x1_N968,8,8x1x1,120,960,960,0,5,495,0.08083903185656581,0.0285616229333335,0.025985977856565656,0.10940065478989931,0.10739922500000176,0.006575779411074122
strongscale_native_np08_8x1x1_N968,8,8x1x1,120,960,960,1,5,495,0.07101580542626282,0.028427341244444404,0.03368659403232324,0.09944314667070722,0.09973645100000184,0.00248984603388817
strongscale_native_np08_8x1x1_N968,8,8x1x1,120,960,960,2,5,495,0.07601980107070705,0.028543511806060656,0.02337990624242432,0.1045633128767677,0.1046791070000026,0.0033952071100076015
strongscale_native_np08_8x1x1_N968,8,8x1x1,120,960,960,3,5,495,0.07657505864848493,0.028408232593939407,0.06786445702222223,0.10498329124242434,0.10197782600000238,0.007185048597466278
strongscale_native_np08_8x1x1_N968,8,8x1x1,120,960,960,4,5,495,0.08544083412525261,0.028432333583838496,0.0754347001676769,0.1138731677090911,0.11346793199999894,0.006679696056877251
strongscale_native_np08_8x1x1_N968,8,8x1x1,120,960,960,5,5,495,0.0737343196080809,0.02844189875757575,0.022181734404040306,0.10217621836565664,0.10007238500000426,0.0059415955695127755
strongscale_native_np08_8x1x1_N968,8,8x1x1,120,960,960,6,5,495,0.08053337926262616,0.02846654254747491,0.02755811671515146,0.10899992181010107,0.1084718710000061,0.005576273446678304
strongscale_native_np08_8x1x1_N968,8,8x1x1,120,960,960,7,5,495,0.07693073149494956,0.028569451252525326,0.01571341430303026,0.10550018274747489,0.10345101399999379,0.008743065731554945
strongscale_native_np12_12x1x1_N968,12,12x1x1,80,960,960,0,5,495,0.08688817894141417,0.022795912735353457,0.02292605648686864,0.10968409167676763,0.10816025700000864,0.007499259076754047
strongscale_native_np12_12x1x1_N968,12,12x1x1,80,960,960,1,5,495,0.07376707730707074,0.022667309767676714,0.043251270721211967,0.09643438707474745,0.09613108700000339,0.004284935906067632
strongscale_native_np12_12x1x1_N968,12,12x1x1,80,960,960,2,5,495,0.07930271556363652,0.022758490155555602,0.03071588603636368,0.10206120571919212,0.10232376999999815,0.0036360712455586267
strongscale_native_np12_12x1x1_N968,12,12x1x1,80,960,960,3,5,495,0.07635525448888905,0.02261662678787872,0.061144926587878776,0.09897188127676777,0.09640574499999843,0.006216204385922979
strongscale_native_np12_12x1x1_N968,12,12x1x1,80,960,960,4,5,495,0.08455603101616173,0.0227391787333335,0.061938820012121136,0.10729520974949523,0.10620522500000362,0.006039038947810071
strongscale_native_np12_12x1x1_N968,12,12x1x1,80,960,960,5,5,495,0.07943110945454533,0.022728007256565704,0.03412224789494949,0.10215911671111104,0.10076236699999974,0.006718624022629963
strongscale_native_np12_12x1x1_N968,12,12x1x1,80,960,960,6,5,495,0.08793654827878788,0.02271872481616167,0.034894005466666635,0.11065527309494955,0.10934829699999682,0.010321607778130917
strongscale_native_np12_12x1x1_N968,12,12x1x1,80,960,960,7,5,495,0.07986311525858589,0.022764994846464694,0.06946424184848499,0.10262811010505057,0.09920668600000226,0.008857901368554567
strongscale_native_np12_12x1x1_N968,12,12x1x1,80,960,960,8,5,495,0.08571227249898987,0.02261590236969712,0.0727457282868686,0.108328174868687,0.10747790399999957,0.005540285565982629
strongscale_native_np12_12x1x1_N968,12,12x1x1,80,960,960,9,5,495,0.07597271024646453,0.022686886577777794,0.022379531280808006,0.09865959682424232,0.09719443299999853,0.00573676631841495
strongscale_native_np12_12x1x1_N968,12,12x1x1,80,960,960,10,5,495,0.08477147276767671,0.022610469781818153,0.03033523414141404,0.10738194254949487,0.1064615249999985,0.006116211590311146
strongscale_native_np12_12x1x1_N968,12,12x1x1,80,960,960,11,5,495,0.07621439009090925,0.02264453953737383,0.014681989480808112,0.09885892962828308,0.09757399600000127,0.006571044068025635
strongscale_native_np12_1x12x1_N968,12,1x12x1,960,80,960,0,5,495,0.02697149482626269,0.022669616397979844,0.002172190250505069,0.04964111122424253,0.04934215499999972,0.001896176447494148
strongscale_native_np12_1x12x1_N968,12,1x12x1,960,80,960,1,5,495,0.026230554408080854,0.02247537409696977,0.005729222044444429,0.04870592850505062,0.0485191339999993,0.0015839691910903078
strongscale_native_np12_1x12x1_N968,12,1x12x1,960,80,960,2,5,495,0.026166952038383817,0.022598746826262603,0.004896240507070665,0.04876569886464642,0.04860115099999973,0.0014841820469310262
strongscale_native_np12_1x12x1_N968,12,1x12x1,960,80,960,3,5,495,0.026114046256565698,0.022493614820202016,0.006013073583838319,0.048607661076767714,0.04818821000000284,0.0017716354611519388
strongscale_native_np12_1x12x1_N968,12,1x12x1,960,80,960,4,5,495,0.02665014268080813,0.022598979472727244,0.00851358549494957,0.04924912215353538,0.049001694000001095,0.0014393295958553714
strongscale_native_np12_1x12x1_N968,12,1x12x1,960,80,960,5,5,495,0.02698713504444445,0.022664858591919145,0.007075229317171649,0.04965199363636359,0.04963111900000072,0.0016729766808149813
strongscale_native_np12_1x12x1_N968,12,1x12x1,960,80,960,6,5,495,0.027269361484848438,0.022619983888888907,0.006626157573737293,0.04988934537373735,0.049667120999998815,0.001674658223286057
strongscale_native_np12_1x12x1_N968,12,1x12x1,960,80,960,7,5,495,0.027342480830302975,0.0227022349515152,0.007426270575757556,0.050044715781818176,0.04945278199999947,0.0020603218079308
strongscale_native_np12_1x12x1_N968,12,1x12x1,960,80,960,8,5,495,0.026929179591919185,0.02255200041818181,0.006955882739393981,0.049481180010100996,0.04886889500000002,0.002067718900136737
strongscale_native_np12_1x12x1_N968,12,1x12x1,960,80,960,9,5,495,0.02662956785252523,0.022554706371717227,0.0064191548222223005,0.04918427422424246,0.04872369799999987,0.0019136332866007278
strongscale_native_np12_1x12x1_N968,12,1x12x1,960,80,960,10,5,495,0.026404346620202003,0.022499992886868738,0.006389895371717164,0.048904339507070745,0.048789500999998126,0.001558868562428944
strongscale_native_np12_1x12x1_N968,12,1x12x1,960,80,960,11,5,495,0.025862360018181787,0.022537577238383823,0.0027709016808080363,0.048399937256565606,0.04800128999999842,0.0016433746745403513
strongscale_native_np12_1x1x12_N968,12,1x1x12,960,960,80,0,5,495,0.008898567377777694,0.018753791105050564,0.0032873775070706318,0.02765235848282826,0.028290271000001255,0.002496433729959944
strongscale_native_np12_1x1x12_N968,12,1x1x12,960,960,80,1,5,495,0.0070150192727273086,0.017862310791919182,0.005989597787878796,0.024877330064646493,0.024928331999999997,0.0015832597348710454
strongscale_native_np12_1x1x12_N968,12,1x1x12,960,960,80,2,5,495,0.007341021745454506,0.017977333545454586,0.006381087357575762,0.025318355290909093,0.02507495900000123,0.0017214049870015863
strongscale_native_np12_1x1x12_N968,12,1x1x12,960,960,80,3,5,495,0.007246093094949528,0.01786784454545457,0.007429391692929233,0.0251139376404041,0.024594784999999675,0.0020508545474913083
strongscale_native_np12_1x1x12_N968,12,1x1x12,960,960,80,4,5,495,0.009506550692929315,0.01772380934343435,0.0092028401070707,0.027230360036363664,0.02693367000000002,0.0015301166147537158
strongscale_native_np12_1x1x12_N968,12,1x1x12,960,960,80,5,5,495,0.00841240064040411,0.017808819278787892,0.011041894129292951,0.026221219919192,0.025297404000001578,0.0019711986591234207
strongscale_native_np12_1x1x12_N968,12,1x1x12,960,960,80,6,5,495,0.008168932408080759,0.017706411070707025,0.01112458585050509,0.025875343478787786,0.02519607499999843,0.0018521260731806822
strongscale_native_np12_1x1x12_N968,12,1x1x12,960,960,80,7,5,495,0.009345369165656512,0.01785795086060609,0.009060377040404017,0.027203320026262603,0.027087450999999874,0.0014599525963340197
strongscale_native_np12_1x1x12_N968,12,1x1x12,960,960,80,8,5,495,0.007490761109090892,0.017649901006060693,0.007351839658585854,0.025140662115151584,0.02385544700000075,0.0024382203075687713
strongscale_native_np12_1x1x12_N968,12,1x1x12,960,960,80,9,5,495,0.0068630497939394025,0.017586404610101032,0.0068564212828282805,0.024449454404040435,0.023942232999999646,0.0015811527302401387
strongscale_native_np12_1x1x12_N968,12,1x1x12,960,960,80,10,5,495,0.007091363779797992,0.01757357049292932,0.007252027549495013,0.024664934272727312,0.024242878999999107,0.0017357202337752462
strongscale_native_np12_1x1x12_N968,12,1x1x12,960,960,80,11,5,495,0.007913286995959586,0.018344725531313173,0.002574096068686821,0.026258012527272757,0.02604699099999941,0.0022183216513247546
strongscale_native_np12_1x2x6_N968,12,1x2x6,960,480,160,0,5,495,0.005856599696969694,0.01887178950101009,0.002111617492929312,0.02472838919797979,0.02421736799999863,0.0013468335869778404
strongscale_native_np12_1x2x6_N968,12,1x2x6,960,480,160,1,5,495,0.006217551931313145,0.018794047674747447,0.004305211440404014,0.02501159960606059,0.024489401999998606,0.0015655393956168424
strongscale_native_np12_1x2x6_N968,12,1x2x6,960,480,160,2,5,495,0.006095346272727276,0.018814351828282803,0.004257198765656601,0.02490969810101008,0.024558544000001348,0.0013614511480612172
strongscale_native_np12_1x2x6_N968,12,1x2x6,960,480,160,3,5,495,0.006089270719191913,0.018698498195959614,0.0043376782464646145,0.02478776891515153,0.024447202999999362,0.0013003462043548368
strongscale_native_np12_1x2x6_N968,12,1x2x6,960,480,160,4,5,495,0.006005829507070758,0.018719333608080826,0.0041883550323232495,0.024725163115151584,0.024363280000001097,0.001217264784834426
strongscale_native_np12_1x2x6_N968,12,1x2x6,960,480,160,5,5,495,0.006711882309090886,0.018805777915151534,0.0019725245434343204,0.025517660224242417,0.025086879999999923,0.0015537730227400395
strongscale_native_np12_1x2x6_N968,12,1x2x6,960,480,160,6,5,495,0.005711810753535394,0.018787753961616156,0.0022407102909091053,0.02449956471515155,0.024101018999999724,0.0011636620927085223
strongscale_native_np12_1x2x6_N968,12,1x2x6,960,480,160,7,5,495,0.0050476864242424615,0.018826195216161617,0.004050429191919197,0.02387388164040408,0.023637533000000488,9.946825350185971e-4
strongscale_native_np12_1x2x6_N968,12,1x2x6,960,480,160,8,5,495,0.005015373202020182,0.01874009864242424,0.004446831127272727,0.02375547184444442,0.023486615000001265,0.0011530059748641897
strongscale_native_np12_1x2x6_N968,12,1x2x6,960,480,160,9,5,495,0.005002897911111105,0.018674235404040455,0.004170229971717169,0.02367713331515156,0.023472308000000552,8.905382472627665e-4
strongscale_native_np12_1x2x6_N968,12,1x2x6,960,480,160,10,5,495,0.005018821397979789,0.01863517664444448,0.004074713199999941,0.023653998042424268,0.023502825999999644,8.133965608562764e-4
strongscale_native_np12_1x2x6_N968,12,1x2x6,960,480,160,11,5,495,0.0050330272828283,0.01869964552323239,0.002020949050505032,0.02373267280606069,0.023529052999998967,9.475214992003876e-4
strongscale_native_np12_1x3x4_N968,12,1x3x4,960,320,240,0,5,495,0.0075613170989898984,0.019071307791919203,0.0021529009939394777,0.0266326248909091,0.02617907500000527,0.0014120717911646958
strongscale_native_np12_1x3x4_N968,12,1x3x4,960,320,240,1,5,495,0.0075519133252525475,0.01895543207070709,0.0034623955454544833,0.026507345395959638,0.02606940299999927,0.0014734317329073965
strongscale_native_np12_1x3x4_N968,12,1x3x4,960,320,240,2,5,495,0.007487470951515104,0.01906170409494955,0.003508997953535335,0.026549175046464653,0.026099442999999667,0.0015193223000525113
strongscale_native_np12_1x3x4_N968,12,1x3x4,960,320,240,3,5,495,0.007772728404040358,0.018979101985858574,0.002170663896969718,0.026751830389898933,0.02608966899999743,0.0016391911993862236
strongscale_native_np12_1x3x4_N968,12,1x3x4,960,320,240,4,5,495,0.007183057173737347,0.018963291179798038,0.003641757125252522,0.026146348353535385,0.025811911000001686,0.0011930986490197226
strongscale_native_np12_1x3x4_N968,12,1x3x4,960,320,240,5,5,495,0.00655347792121216,0.0189910291212122,0.004557939036363672,0.02554450704242436,0.02530956299999687,9.972671888780977e-4
strongscale_native_np12_1x3x4_N968,12,1x3x4,960,320,240,6,5,495,0.006590205953535352,0.018981233737373735,0.004478448321212198,0.025571439690909088,0.025318859999998722,0.0010643688781673227
strongscale_native_np12_1x3x4_N968,12,1x3x4,960,320,240,7,5,495,0.006577575539393954,0.018972590478787865,0.0035448411292929587,0.02555016601818182,0.025336027999998123,9.456886516408889e-4
strongscale_native_np12_1x3x4_N968,12,1x3x4,960,320,240,8,5,495,0.007412398933333346,0.018887792919191942,0.0021182719858586266,0.02630019185252529,0.025863886000001557,0.0012042844031729606
strongscale_native_np12_1x3x4_N968,12,1x3x4,960,320,240,9,5,495,0.006558640777777824,0.018889229226262676,0.0034918245393939103,0.025447870004040498,0.02521705700000254,0.001039152599301703
strongscale_native_np12_1x3x4_N968,12,1x3x4,960,320,240,10,5,495,0.00653989629696966,0.0188230133636364,0.003517109006060534,0.02536290966060606,0.025240420999999458,7.268693517033423e-4
strongscale_native_np12_1x3x4_N968,12,1x3x4,960,320,240,11,5,495,0.006550076028282882,0.018896201620202106,0.002154100296969629,0.02544627764848499,0.02521634000000006,0.0010158300927298463
strongscale_native_np12_1x4x3_N968,12,1x4x3,960,240,320,0,5,495,0.009969643393939423,0.02072556427676763,0.0017408269838384673,0.030695207670707055,0.030229568999997625,0.0016742504244269837
strongscale_native_np12_1x4x3_N968,12,1x4x3,960,240,320,1,5,495,0.009121176692929276,0.02064642040606066,0.0034625347252525457,0.029767597098989938,0.02928376200000038,0.0016152993008223876
strongscale_native_np12_1x4x3_N968,12,1x4x3,960,240,320,2,5,495,0.009260765721212068,0.020768876521212093,0.0020256288282827777,0.03002964224242416,0.029416084000001064,0.0017569636251841983
strongscale_native_np12_1x4x3_N968,12,1x4x3,960,240,320,3,5,495,0.00927197139393937,0.020564598024242375,0.0036593774343434485,0.029836569418181746,0.029427051999999065,0.0014488376138706387
strongscale_native_np12_1x4x3_N968,12,1x4x3,960,240,320,4,5,495,0.00838029455555561,0.020680667927272724,0.004857283442424323,0.029060962482828332,0.02878308300000043,0.0013267090191953989
strongscale_native_np12_1x4x3_N968,12,1x4x3,960,240,320,5,5,495,0.008448539109090932,0.020694257701010178,0.003913624119191937,0.02914279681010111,0.02884554799999961,0.0013158925268262477
strongscale_native_np12_1x4x3_N968,12,1x4x3,960,240,320,6,5,495,0.009241666676767755,0.020635093820202028,0.00416668112525248,0.029876760496969784,0.029518842999998185,0.001470477372764631
strongscale_native_np12_1x4x3_N968,12,1x4x3,960,240,320,7,5,495,0.008372187866666722,0.020635246503030356,0.004750048010100985,0.02900743436969708,0.028813362000001064,0.0010814667750611636
strongscale_native_np12_1x4x3_N968,12,1x4x3,960,240,320,8,5,495,0.008354529965656644,0.020560478923232345,0.0035006364242424087,0.02891500888888899,0.028654576000000986,0.0012308998660145291
strongscale_native_np12_1x4x3_N968,12,1x4x3,960,240,320,9,5,495,0.009563735014141315,0.020426283448484923,0.0020045622606060416,0.029990018462626236,0.029709578000002068,0.001191340618406201
strongscale_native_np12_1x4x3_N968,12,1x4x3,960,240,320,10,5,495,0.008369192937373753,0.020448545983838353,0.00324017207878783,0.028817738921212106,0.02863598000000067,8.452950027842915e-4
strongscale_native_np12_1x4x3_N968,12,1x4x3,960,240,320,11,5,495,0.008328233606060647,0.020479417076767675,0.001619075541414081,0.028807650682828322,0.02863741000000175,9.039611248426407e-4
strongscale_native_np12_1x6x2_N968,12,1x6x2,960,160,480,0,5,495,0.013721807553535371,0.021737860173737404,0.002126991858585886,0.03545966772727278,0.034973144999998595,0.001703441825295198
strongscale_native_np12_1x6x2_N968,12,1x6x2,960,160,480,1,5,495,0.013108729337373733,0.021634096094949467,0.0020840124323232706,0.0347428254323232,0.034502029000000434,0.0014967213585194428
strongscale_native_np12_1x6x2_N968,12,1x6x2,960,160,480,2,5,495,0.013110818789898912,0.021684184701010092,0.0043969650606060446,0.034795003490909006,0.03446579100000058,0.0013799047482435931
strongscale_native_np12_1x6x2_N968,12,1x6x2,960,160,480,3,5,495,0.011882950119191944,0.021575778892929286,0.004367861096969655,0.033458729012121234,0.03320050300000155,0.0011548787309483368
strongscale_native_np12_1x6x2_N968,12,1x6x2,960,160,480,4,5,495,0.013460617365656572,0.021570980662626273,0.005028548888888931,0.035031598028282845,0.034814834000000516,0.001232499086894318
strongscale_native_np12_1x6x2_N968,12,1x6x2,960,160,480,5,5,495,0.012004268507070691,0.021602527070707003,0.005088040834343424,0.033606795577777696,0.03346729200000098,8.415779198278821e-4
strongscale_native_np12_1x6x2_N968,12,1x6x2,960,160,480,6,5,495,0.013415393945454478,0.02160889451111112,0.004972689551515104,0.0350242884565656,0.03467535899999952,0.0015654822639234044
strongscale_native_np12_1x6x2_N968,12,1x6x2,960,160,480,7,5,495,0.011979853985858623,0.021627842785858564,0.005152977369696995,0.03360769677171719,0.03342056299999996,0.0010001530387648643
strongscale_native_np12_1x6x2_N968,12,1x6x2,960,160,480,8,5,495,0.01317250412323232,0.021514207638383905,0.0041829191373737315,0.034686711761616223,0.03443360300000009,0.001318578217761697
strongscale_native_np12_1x6x2_N968,12,1x6x2,960,160,480,9,5,495,0.011946322250505091,0.02151613473939392,0.0043264350202020605,0.03346245698989901,0.03326559099999926,0.0010335293062319192
strongscale_native_np12_1x6x2_N968,12,1x6x2,960,160,480,10,5,495,0.013973343012121242,0.02146460790909085,0.0019248129090908936,0.035437950921212096,0.035334109999999086,0.0014382198732964652
strongscale_native_np12_1x6x2_N968,12,1x6x2,960,160,480,11,5,495,0.011922463012121194,0.02153542739999999,0.0020118954080807867,0.03345789041212118,0.033253669000000485,0.001127452753717487
strongscale_native_np12_2x1x6_N968,12,2x1x6,480,960,160,0,5,495,0.014797288254545455,0.018434598684848518,0.003636983426262596,0.033231886939393974,0.03297758100000081,0.0012306645476098724
strongscale_native_np12_2x1x6_N968,12,2x1x6,480,960,160,1,5,495,0.0089610682727272635,0.018353805642424288,0.005754403363636431,0.02731487391515155,0.026334286000000873,0.0028438673770633327
strongscale_native_np12_2x1x6_N968,12,2x1x6,480,960,160,2,5,495,0.009686870278787932,0.018395443670707015,0.006059689957575786,0.028082313949494946,0.027892589000000356,0.0030071885959689648
strongscale_native_np12_2x1x6_N968,12,2x1x6,480,960,160,3,5,495,0.0072143458464645725,0.01833031925252529,0.006488594858585814,0.025544665098989863,0.024970055000000713,0.0021109563741665807
strongscale_native_np12_2x1x6_N968,12,2x1x6,480,960,160,4,5,495,0.006865638664646506,0.018380871226262627,0.008082114325252495,0.02524650989090913,0.02444457999999905,0.0019081914225455928
strongscale_native_np12_2x1x6_N968,12,2x1x6,480,960,160,5,5,495,0.00682371023030301,0.018446076060606074,0.0034576560404041214,0.025269786290909084,0.024931431000000615,0.0014806867782690032
strongscale_native_np12_2x1x6_N968,12,2x1x6,480,960,160,6,5,495,0.014491007070707064,0.018415914397979783,0.004594891014141459,0.032906921468686845,0.032755851000001,0.001023343986274697
strongscale_native_np12_2x1x6_N968,12,2x1x6,480,960,160,7,5,495,0.005270115076767651,0.018467338634343425,0.009973451818181777,0.023737453711111075,0.02362990399999987,6.691397087506587e-4
strongscale_native_np12_2x1x6_N968,12,2x1x6,480,960,160,8,5,495,0.005247177266666693,0.01830185641818184,0.008533326543434382,0.023549033684848536,0.023496866999998645,4.7350132745968174e-4
strongscale_native_np12_2x1x6_N968,12,2x1x6,480,960,160,9,5,495,0.005224099294949474,0.018393656202020253,0.005743408183838412,0.023617755496969726,0.02349114399999941,7.67986941284431e-4
strongscale_native_np12_2x1x6_N968,12,2x1x6,480,960,160,10,5,495,0.00524338375151517,0.018355100311111126,0.006666292325252541,0.023598484062626296,0.02350831000000042,6.322589735479251e-4
strongscale_native_np12_2x1x6_N968,12,2x1x6,480,960,160,11,5,495,0.005196006375757518,0.018334874242424252,0.004176339711111187,0.02353088061818177,0.02342963200000092,6.139232874838738e-4
strongscale_native_np12_2x2x3_N968,12,2x2x3,480,480,320,0,5,495,0.018577467303030303,0.020703075882828215,0.0035268244444444925,0.03928054318585852,0.039027930000001376,0.0014768938546362211
strongscale_native_np12_2x2x3_N968,12,2x2x3,480,480,320,1,5,495,0.012843028975757615,0.020574619812121157,0.004011185010101032,0.03341764878787877,0.03416466700000065,0.0028256300663074218
strongscale_native_np12_2x2x3_N968,12,2x2x3,480,480,320,2,5,495,0.010061299193939464,0.02065350842626256,0.00360067783232327,0.030714807620202025,0.029461144999999078,0.002545248383245287
strongscale_native_np12_2x2x3_N968,12,2x2x3,480,480,320,3,5,495,0.011045358165656546,0.02056071058181818,0.003625741648484881,0.03160606874747472,0.03145408599999655,0.0024783641005693374
strongscale_native_np12_2x2x3_N968,12,2x2x3,480,480,320,4,5,495,0.008491836884848504,0.02065067579999997,0.004987828878787908,0.029142512684848475,0.0290555949999991,6.815924405614933e-4
strongscale_native_np12_2x2x3_N968,12,2x2x3,480,480,320,5,5,495,0.008488096856565673,0.020730658232323184,0.003047785618181845,0.029218755088888857,0.02910208700000183,7.51992156455448e-4
strongscale_native_np12_2x2x3_N968,12,2x2x3,480,480,320,6,5,495,0.0180751391030303,0.020659341686868737,0.003897196804040395,0.03873448078989904,0.038563250999999354,9.965534042362992e-4
strongscale_native_np12_2x2x3_N968,12,2x2x3,480,480,320,7,5,495,0.008574927462626246,0.020705838165656517,0.004683836519191895,0.02928076562828276,0.029193400999998786,6.84259809544265e-4
strongscale_native_np12_2x2x3_N968,12,2x2x3,480,480,320,8,5,495,0.008537106575757538,0.02062973301212119,0.0037031722848484406,0.029166839587878732,0.029095887999998737,6.34498944751031e-4
strongscale_native_np12_2x2x3_N968,12,2x2x3,480,480,320,9,5,495,0.008491456844444462,0.02062226784848484,0.003534842977777693,0.029113724692929305,0.02899265299999776,7.125208863311673e-4
strongscale_native_np12_2x2x3_N968,12,2x2x3,480,480,320,10,5,495,0.008388210050505069,0.020544726931313134,0.004091699672727252,0.028932936981818203,0.028861521999999695,6.422088999790799e-4
strongscale_native_np12_2x2x3_N968,12,2x2x3,480,480,320,11,5,495,0.008374152026262703,0.02062073235757577,0.003253610204040475,0.02899488438383847,0.028922319999999502,7.443542648168525e-4
strongscale_native_np12_2x3x2_N968,12,2x3x2,480,320,480,0,5,495,0.022181034098989853,0.021404642022222243,0.003602564957575725,0.04358567612121209,0.04301810299999964,0.0017603783908391097
strongscale_native_np12_2x3x2_N968,12,2x3x2,480,320,480,1,5,495,0.012687065169696969,0.021307238674747434,0.003149265212121211,0.03399430384444441,0.0335862640000002,0.0013220871736161026
strongscale_native_np12_2x3x2_N968,12,2x3x2,480,320,480,2,5,495,0.015210640999999976,0.021344257107070698,0.004885782397979778,0.036554898107070674,0.0359740249999998,0.0023824941038134316
strongscale_native_np12_2x3x2_N968,12,2x3x2,480,320,480,3,5,495,0.012183375814141407,0.02123513269898987,0.004742234167676745,0.03341850851313128,0.03333687800000007,6.749291642214655e-4
strongscale_native_np12_2x3x2_N968,12,2x3x2,480,320,480,4,5,495,0.01524335157171715,0.02132074565858597,0.003881275775757569,0.03656409723030312,0.03534173900000326,0.00274437497693694
strongscale_native_np12_2x3x2_N968,12,2x3x2,480,320,480,5,5,495,0.012351177670707094,0.02133688011919186,0.0034093769959595895,0.03368805778989895,0.03361010499999928,6.019624519845305e-4
strongscale_native_np12_2x3x2_N968,12,2x3x2,480,320,480,6,5,495,0.022639521197979795,0.021315166228282813,0.004115378234343419,0.04395468742626261,0.0436837660000009,0.0013037789044222777
strongscale_native_np12_2x3x2_N968,12,2x3x2,480,320,480,7,5,495,0.012402083149494992,0.021399015367676768,0.003812264915151524,0.03380109851717176,0.03368973800000141,8.466273273536103e-4
strongscale_native_np12_2x3x2_N968,12,2x3x2,480,320,480,8,5,495,0.012484901127272643,0.02128264010707069,0.004555178175757649,0.033767541234343335,0.03365397399999637,6.795667374864394e-4
strongscale_native_np12_2x3x2_N968,12,2x3x2,480,320,480,9,5,495,0.012270725573737358,0.021283793230303067,0.004645403969696898,0.03355451880404042,0.03345513400000044,7.799988676876971e-4
strongscale_native_np12_2x3x2_N968,12,2x3x2,480,320,480,10,5,495,0.012521205292929306,0.02126994948888893,0.00354952232121211,0.03379115478181823,0.03369998899999871,6.074553829058127e-4
strongscale_native_np12_2x3x2_N968,12,2x3x2,480,320,480,11,5,495,0.012242933244444427,0.021304681569696924,0.00310024829898993,0.03354761481414135,0.03339052300000134,9.446381608407471e-4
strongscale_native_np12_2x6x1_N968,12,2x6x1,480,160,960,0,5,495,0.03336724896363639,0.02253997108282828,0.003474866973737286,0.055907220046464666,0.05542325899999945,0.001754257980801936
strongscale_native_np12_2x6x1_N968,12,2x6x1,480,160,960,1,5,495,0.026235413783838354,0.022405863791919264,0.005879127127272727,0.04864127757575762,0.04744267399999913,0.0026772543903305196
strongscale_native_np12_2x6x1_N968,12,2x6x1,480,160,960,2,5,495,0.027260346822222174,0.022472527012121178,0.005606451434343482,0.049732873834343355,0.048430205000000726,0.003139005735585932
strongscale_native_np12_2x6x1_N968,12,2x6x1,480,160,960,3,5,495,0.026060511864646432,0.022353837452525255,0.005854264658585886,0.04841434931717169,0.04714584299999913,0.002952730245004403
strongscale_native_np12_2x6x1_N968,12,2x6x1,480,160,960,4,5,495,0.026444527587878772,0.02235374016161616,0.005551530816161601,0.04879826774949493,0.0477454669999986,0.002501494919537745
strongscale_native_np12_2x6x1_N968,12,2x6x1,480,160,960,5,5,495,0.025091379337373723,0.02242944647272731,0.003128214066666663,0.04752082581010104,0.04705643600000009,0.0016999176612872628
strongscale_native_np12_2x6x1_N968,12,2x6x1,480,160,960,6,5,495,0.032707478781818185,0.02237397876161615,0.003825593250504999,0.05508145754343433,0.05496191999999844,0.0011135868312277708
strongscale_native_np12_2x6x1_N968,12,2x6x1,480,160,960,7,5,495,0.023922729985858582,0.022420260400000024,0.005851879993939343,0.04634299038585861,0.046287775000001474,8.206890294326239e-4
strongscale_native_np12_2x6x1_N968,12,2x6x1,480,160,960,8,5,495,0.02374711659595957,0.02228095222222225,0.00554693299797976,0.04602806881818182,0.04609918599999929,6.680406779236312e-4
strongscale_native_np12_2x6x1_N968,12,2x6x1,480,160,960,9,5,495,0.02375606670707067,0.02230394730303028,0.005420440618181876,0.04606001401010095,0.046028138000000496,6.520681091177282e-4
strongscale_native_np12_2x6x1_N968,12,2x6x1,480,160,960,10,5,495,0.023728221844444352,0.02229332681616157,0.005477808935353538,0.04602154866060592,0.04593896800000152,9.320164186445701e-4
strongscale_native_np12_2x6x1_N968,12,2x6x1,480,160,960,11,5,495,0.023443661765656557,0.022310337832323175,0.003492611101010102,0.04575399959797973,0.04570698699999909,7.214969885835947e-4
strongscale_native_np12_3x1x4_N968,12,3x1x4,320,960,240,0,5,495,0.022098036488888813,0.019508913808080702,0.004061954674747385,0.041606950296969515,0.04105591799999786,0.0018770094431616975
strongscale_native_np12_3x1x4_N968,12,3x1x4,320,960,240,1,5,495,0.01030122487070707,0.019415268759595847,0.004812765624242373,0.029716493630302918,0.028521536999999597,0.003589789644723367
strongscale_native_np12_3x1x4_N968,12,3x1x4,320,960,240,2,5,495,0.010626968232323257,0.019438644397979772,0.004834667345454487,0.030065612630303027,0.029510736000002424,0.0034229301248531662
strongscale_native_np12_3x1x4_N968,12,3x1x4,320,960,240,3,5,495,0.008852223686868764,0.019433135698989894,0.003463521149494893,0.028285359385858657,0.027024030999999837,0.0036117570805404373
strongscale_native_np12_3x1x4_N968,12,3x1x4,320,960,240,4,5,495,0.021715574070707084,0.019274680309090828,0.010404314173737422,0.04099025437979791,0.04081511599999743,0.001418798421686149
strongscale_native_np12_3x1x4_N968,12,3x1x4,320,960,240,5,5,495,0.006778905820202009,0.019299353515151507,0.012323363133333246,0.026078259335353515,0.026036263000001725,3.812446564890096e-4
strongscale_native_np12_3x1x4_N968,12,3x1x4,320,960,240,6,5,495,0.006933258989899051,0.019295519545454498,0.014135693537373793,0.026228778535353547,0.026145934999998843,6.001401703090304e-4
strongscale_native_np12_3x1x4_N968,12,3x1x4,320,960,240,7,5,495,0.006802656662626234,0.019283840876767596,0.01049658941212119,0.026086497539393832,0.02601265899999916,4.358936929211902e-4
strongscale_native_np12_3x1x4_N968,12,3x1x4,320,960,240,8,5,495,0.021788994468686828,0.019209321335353486,0.004349552945454533,0.040998315804040314,0.04072165499999869,0.0012423888491469382
strongscale_native_np12_3x1x4_N968,12,3x1x4,320,960,240,9,5,495,0.006734044608080896,0.01926577498585843,0.005668218713131376,0.025999819593939325,0.02588057499999863,7.27093623377677e-4
strongscale_native_np12_3x1x4_N968,12,3x1x4,320,960,240,10,5,495,0.0067841100888888384,0.019235574838383788,0.0055507062828282615,0.026019684927272628,0.025925397000001738,6.449162735240347e-4
strongscale_native_np12_3x1x4_N968,12,3x1x4,320,960,240,11,5,495,0.006706877402020224,0.019310373274747418,0.004237301676767754,0.02601725067676764,0.025941133999999977,6.1933737326459e-4
strongscale_native_np12_3x2x2_N968,12,3x2x2,320,480,480,0,5,495,0.028004524921212113,0.021139471925252538,0.005051605602020251,0.04914399684646465,0.048949717999999365,0.0016290476236497649
strongscale_native_np12_3x2x2_N968,12,3x2x2,320,480,480,1,5,495,0.014221416339393892,0.021038346361616157,0.004844414086868643,0.03525976270101005,0.03343081500000089,0.0028981972013090553
strongscale_native_np12_3x2x2_N968,12,3x2x2,320,480,480,2,5,495,0.01475115256767675,0.021105837074747447,0.00514722494343433,0.035856989642424196,0.03503179600000017,0.0026975456897733435
strongscale_native_np12_3x2x2_N968,12,3x2x2,320,480,480,3,5,495,0.012119502214141441,0.020986083046464685,0.004523229587878818,0.03310558526060613,0.03303098700000007,5.983264290325443e-4
strongscale_native_np12_3x2x2_N968,12,3x2x2,320,480,480,4,5,495,0.02710867456363632,0.020987032397979808,0.008184091468686906,0.04809570696161613,0.04808402100000109,0.0011408614291443786
strongscale_native_np12_3x2x2_N968,12,3x2x2,320,480,480,5,5,495,0.01207382271717176,0.021053470260606135,0.007338081226262601,0.033127292977777896,0.03310418099999879,2.584825761129485e-4
strongscale_native_np12_3x2x2_N968,12,3x2x2,320,480,480,6,5,495,0.012141012414141452,0.02097156985252532,0.007711272769696949,0.033112582266666774,0.0330781929999997,3.255406401431852e-4
strongscale_native_np12_3x2x2_N968,12,3x2x2,320,480,480,7,5,495,0.011958729141414132,0.02104834688888883,0.006722595244444473,0.03300707603030296,0.03295183300000204,4.8302480802709345e-4
strongscale_native_np12_3x2x2_N968,12,3x2x2,320,480,480,8,5,495,0.02790787631919194,0.020944117048484832,0.005081514426262555,0.04885199336767677,0.04875373800000027,0.0012044788551185445
strongscale_native_np12_3x2x2_N968,12,3x2x2,320,480,480,9,5,495,0.012118701256565665,0.021034219575757573,0.005058479296969764,0.03315292083232324,0.03304362300000108,7.897262018699632e-4
strongscale_native_np12_3x2x2_N968,12,3x2x2,320,480,480,10,5,495,0.012191641432323243,0.020962984896969794,0.005174715826262618,0.03315462632929304,0.033011674000000824,8.506594670293155e-4
strongscale_native_np12_3x2x2_N968,12,3x2x2,320,480,480,11,5,495,0.01191455764242426,0.021019452977777825,0.005187015331313101,0.032934010620202084,0.0328083050000032,8.393537035355237e-4
strongscale_native_np12_3x4x1_N968,12,3x4x1,320,240,960,0,5,495,0.04008912369898987,0.022525075448484796,0.0037394138020203256,0.06261419914747467,0.061897278,0.002223577345435905
strongscale_native_np12_3x4x1_N968,12,3x4x1,320,240,960,1,5,495,0.026806842442424303,0.022385457581818164,0.005082801860606089,0.049192300024242464,0.048080444,0.0028578641990352513
strongscale_native_np12_3x4x1_N968,12,3x4x1,320,240,960,2,5,495,0.02906473480606054,0.022435787474747438,0.004955599490909082,0.051500522280807974,0.051199914000001456,0.0035342837846289083
strongscale_native_np12_3x4x1_N968,12,3x4x1,320,240,960,3,5,495,0.026821506395959583,0.022376493018181832,0.0035884611373737368,0.049197999414141415,0.047641038999998386,0.004345995721600832
strongscale_native_np12_3x4x1_N968,12,3x4x1,320,240,960,4,5,495,0.03888971252727281,0.022437043135353482,0.007695422016161707,0.06132675566262629,0.06109475999999958,0.0013814644547196513
strongscale_native_np12_3x4x1_N968,12,3x4x1,320,240,960,5,5,495,0.024057282349494894,0.022445522183838412,0.00790110452323236,0.0465028045333333,0.046488761999999184,5.626426325899708e-4
strongscale_native_np12_3x4x1_N968,12,3x4x1,320,240,960,6,5,495,0.024250844969696952,0.02242076517777779,0.007445573321212068,0.04667161014747474,0.04665207900000112,4.829594922291537e-4
strongscale_native_np12_3x4x1_N968,12,3x4x1,320,240,960,7,5,495,0.023814790428282932,0.022488834391919118,0.0070384776949495124,0.046303624820202054,0.046273231999999,4.627245893168292e-4
strongscale_native_np12_3x4x1_N968,12,3x4x1,320,240,960,8,5,495,0.03900962070101001,0.022381693896969666,0.003781812347474713,0.06139131459797968,0.061183451999998084,0.0013545771860883433
strongscale_native_np12_3x4x1_N968,12,3x4x1,320,240,960,9,5,495,0.02398959267474744,0.02238108512323235,0.0055231031818182225,0.04637067779797979,0.046267031000002845,8.785176972175016e-4
strongscale_native_np12_3x4x1_N968,12,3x4x1,320,240,960,10,5,495,0.024159943947474782,0.022372439911111163,0.005575022072727319,0.04653238385858595,0.0465056900000036,5.637038658163535e-4
strongscale_native_np12_3x4x1_N968,12,3x4x1,320,240,960,11,5,495,0.02385684168686873,0.022396235006060545,0.004409014115151519,0.046253076692929274,0.046169757999997785,8.926138938479955e-4
strongscale_native_np12_4x1x3_N968,12,4x1x3,240,960,320,0,5,495,0.031196810016161692,0.02013793958181819,0.0039479872222221695,0.05133474959797988,0.050194502999996615,0.0037282645225268298
strongscale_native_np12_4x1x3_N968,12,4x1x3,240,960,320,1,5,495,0.014184878553535509,0.020016964022222253,0.004723099028282682,0.03420184257575776,0.03451466499999967,0.004543643534882186
strongscale_native_np12_4x1x3_N968,12,4x1x3,240,960,320,2,5,495,0.011006509424242465,0.020065379850505185,0.0057054360666667515,0.03107188927474765,0.028973101999998363,0.0038655550104740154
strongscale_native_np12_4x1x3_N968,12,4x1x3,240,960,320,3,5,495,0.02625905143838374,0.019866134650505195,0.008415930674747517,0.046125186088888936,0.046124934999998146,0.002016897862265633
strongscale_native_np12_4x1x3_N968,12,4x1x3,240,960,320,4,5,495,0.008721218696969681,0.020009430971717212,0.015527621676767614,0.02873064966868689,0.02868390099999729,2.939936540214831e-4
strongscale_native_np12_4x1x3_N968,12,4x1x3,240,960,320,5,5,495,0.008831000561616276,0.020075971886868677,0.012634632296969758,0.028906972448484954,0.028767109000000346,6.578958668342559e-4
strongscale_native_np12_4x1x3_N968,12,4x1x3,240,960,320,6,5,495,0.028643059476767648,0.020005591246464532,0.010702449135353537,0.04864865072323218,0.048098801000001856,0.00254151602457307
strongscale_native_np12_4x1x3_N968,12,4x1x3,240,960,320,7,5,495,0.008643153200000085,0.020063805818181766,0.01385040137373738,0.028706959018181852,0.0286910529999993,2.109841319221088e-4
strongscale_native_np12_4x1x3_N968,12,4x1x3,240,960,320,8,5,495,0.008986527020202145,0.01994372618585855,0.022222671119191885,0.028930253206060696,0.028789758999998583,6.035601862411776e-4
strongscale_native_np12_4x1x3_N968,12,4x1x3,240,960,320,9,5,495,0.02682012595353542,0.019990533272727325,0.005141654143434328,0.04681065922626274,0.04591870300000167,0.0027740510032323255
strongscale_native_np12_4x1x3_N968,12,4x1x3,240,960,320,10,5,495,0.008659236555555564,0.019987128010101027,0.006086289290909095,0.02864636456565659,0.02859187099999616,3.103312636250942e-4
strongscale_native_np12_4x1x3_N968,12,4x1x3,240,960,320,11,5,495,0.008663798830302995,0.020013694585858617,0.003908377488888872,0.028677493416161614,0.028601169999998177,5.679479652204515e-4
strongscale_native_np12_4x3x1_N968,12,4x3x1,240,320,960,0,5,495,0.04779477314545452,0.022405977420202065,0.0037883084101009473,0.07020075056565658,0.06874847299999942,0.0038294752978541642
strongscale_native_np12_4x3x1_N968,12,4x3x1,240,320,960,1,5,495,0.031131756901010187,0.022259076880808117,0.004797953290909026,0.0533908337818183,0.053191661999999695,0.003981615733555525
strongscale_native_np12_4x3x1_N968,12,4x3x1,240,320,960,2,5,495,0.025429854242424263,0.022322689397979878,0.0034473996646465074,0.04775254364040414,0.04666423799999819,0.003401132212899791
strongscale_native_np12_4x3x1_N968,12,4x3x1,240,320,960,3,5,495,0.04260494106262631,0.02217125411515135,0.006810674311111052,0.06477619517777766,0.06480670099999841,0.001770941718352408
strongscale_native_np12_4x3x1_N968,12,4x3x1,240,320,960,4,5,495,0.023986473939393953,0.02233730324444457,0.008786436498989834,0.046323777183838524,0.0463457099999971,4.364577053707481e-4
strongscale_native_np12_4x3x1_N968,12,4x3x1,240,320,960,5,5,495,0.023726240775757596,0.02236017942828288,0.007697574044444453,0.046086420204040475,0.04607510499999634,6.457314644012509e-4
strongscale_native_np12_4x3x1_N968,12,4x3x1,240,320,960,6,5,495,0.04324315872323229,0.022376770454545447,0.008592855573737488,0.06561992917777773,0.06546044300000275,0.0017407522415123836
strongscale_native_np12_4x3x1_N968,12,4x3x1,240,320,960,7,5,495,0.02363776919797977,0.02235235252525254,0.009859636606060585,0.04599012172323231,0.04592275599999951,4.1520131085663186e-4
strongscale_native_np12_4x3x1_N968,12,4x3x1,240,320,960,8,5,495,0.023846919143434276,0.022231177612121157,0.006730970715151499,0.04607809675555543,0.04603385900000134,5.180194857759585e-4
strongscale_native_np12_4x3x1_N968,12,4x3x1,240,320,960,9,5,495,0.042341649393939446,0.02229724990707063,0.004689961717171654,0.06463889930101008,0.06396627399999844,0.0027320420643148395
strongscale_native_np12_4x3x1_N968,12,4x3x1,240,320,960,10,5,495,0.02362957772727267,0.022267609381818192,0.005548747874747493,0.04589718710909087,0.0458886629999995,6.1623762847263e-4
strongscale_native_np12_4x3x1_N968,12,4x3x1,240,320,960,11,5,495,0.023645938503030386,0.02224158183636354,0.004227803012121241,0.045887520339393924,0.04583144099999714,6.793259457026756e-4
strongscale_native_np12_6x1x2_N968,12,6x1x2,160,960,480,0,5,495,0.043321411498989854,0.02099256179595958,0.0064472449111110525,0.06431397329494944,0.06374382899999986,0.002679955312031132
strongscale_native_np12_6x1x2_N968,12,6x1x2,160,960,480,1,5,495,0.013054697450505099,0.020937072365656582,0.0046176115676767136,0.033991769816161685,0.033837557999998324,0.0011354146876022195
strongscale_native_np12_6x1x2_N968,12,6x1x2,160,960,480,2,5,495,0.03982921563434347,0.020959954311111074,0.031217201799999893,0.06078916994545454,0.060507297999997434,0.0021102309302932516
strongscale_native_np12_6x1x2_N968,12,6x1x2,160,960,480,3,5,495,0.012393023234343471,0.020859409121212164,0.029373750793939384,0.03325243235555564,0.033064603999999775,7.447028923417683e-4
strongscale_native_np12_6x1x2_N968,12,6x1x2,160,960,480,4,5,495,0.044296023347474824,0.020836423135353582,0.01565562159797983,0.0651324464828284,0.06468772800000266,0.0036211665158964778
strongscale_native_np12_6x1x2_N968,12,6x1x2,160,960,480,5,5,495,0.012627451812121123,0.020886173145454587,0.016756037525252527,0.03351362495757571,0.03322291399999955,8.754439182413986e-4
strongscale_native_np12_6x1x2_N968,12,6x1x2,160,960,480,6,5,495,0.043075638103030243,0.02080333014545446,0.019513432666666712,0.0638789682484847,0.06381678500000021,0.0028920067088057636
strongscale_native_np12_6x1x2_N968,12,6x1x2,160,960,480,7,5,495,0.012251312040404028,0.020908894212121186,0.01216675101414143,0.033160206252525214,0.033039808000001614,5.816144929590654e-4
strongscale_native_np12_6x1x2_N968,12,6x1x2,160,960,480,8,5,495,0.04124671087272714,0.02079474757171708,0.02614859858181819,0.06204145844444422,0.06179857400000088,0.0026134971322572505
strongscale_native_np12_6x1x2_N968,12,6x1x2,160,960,480,9,5,495,0.012406193123232335,0.020787906183838415,0.024359888969696986,0.033194099307070755,0.03305530599999784,6.09556420963325e-4
strongscale_native_np12_6x1x2_N968,12,6x1x2,160,960,480,10,5,495,0.042828210668686834,0.02079871105252532,0.005142799519191919,0.06362692172121215,0.0627803800000013,0.0038291782778928202
strongscale_native_np12_6x1x2_N968,12,6x1x2,160,960,480,11,5,495,0.01198794189696965,0.020840685268686755,0.005220227313131313,0.032828627165656404,0.03282499300000197,5.372901458330447e-4
strongscale_native_np12_6x2x1_N968,12,6x2x1,160,480,960,0,5,495,0.05487380462424243,0.02263294758181815,0.006237449052525266,0.07750675220606058,0.07670521799999896,0.0029850208590883782
strongscale_native_np12_6x2x1_N968,12,6x2x1,160,480,960,1,5,495,0.024084245818181863,0.022553395258585872,0.004586833898989971,0.04663764107676773,0.04646348999999983,0.001103724492478526
strongscale_native_np12_6x2x1_N968,12,6x2x1,160,480,960,2,5,495,0.05202075590707067,0.022589091064646453,0.016600546193939348,0.07460984697171713,0.07441711499999926,0.002259488397485757
strongscale_native_np12_6x2x1_N968,12,6x2x1,160,480,960,3,5,495,0.023438314949494894,0.02246784827676751,0.016982930581818143,0.045906163226262404,0.04577994399999952,6.685212554012145e-4
strongscale_native_np12_6x2x1_N968,12,6x2x1,160,480,960,4,5,495,0.05570674666666675,0.02263925244646466,0.010805731092929217,0.0783459991131314,0.07791185300000336,0.0035960719999487676
strongscale_native_np12_6x2x1_N968,12,6x2x1,160,480,960,5,5,495,0.023134607753535364,0.02262552867474751,0.01049432994343437,0.045760136428282874,0.045686960000001164,6.6312944642471e-4
strongscale_native_np12_6x2x1_N968,12,6x2x1,160,480,960,6,5,495,0.05358260807474744,0.022614276787878734,0.011096096054545408,0.07619688486262617,0.07633352300000062,0.002416919501816313
strongscale_native_np12_6x2x1_N968,12,6x2x1,160,480,960,7,5,495,0.022812522541414068,0.02267282896565648,0.00984753453333328,0.045485351507070546,0.04515504799999981,8.136911940046829e-4
strongscale_native_np12_6x2x1_N968,12,6x2x1,160,480,960,8,5,495,0.05222084258585851,0.022522573282828317,0.015762606016161678,0.07474341586868682,0.07468891200000272,0.00213983442062312
strongscale_native_np12_6x2x1_N968,12,6x2x1,160,480,960,9,5,495,0.02291129239595974,0.02252852746868694,0.016597525274747473,0.04543981986464668,0.04524540900000318,7.48012500103231e-4
strongscale_native_np12_6x2x1_N968,12,6x2x1,160,480,960,10,5,495,0.05275901689292916,0.022541379438383875,0.005243301412121182,0.07530039633131304,0.0745732780000008,0.0034201482662607296
strongscale_native_np12_6x2x1_N968,12,6x2x1,160,480,960,11,5,495,0.022590138228282857,0.022564409727272618,0.005280866050505126,0.04515454795555548,0.045012951000000356,6.923954205157414e-4
strongscale_native_np16_16x1x1_N968,16,16x1x1,60,960,960,0,5,495,0.08164244614949501,0.01865534106666665,0.024707213298989804,0.10029778721616166,0.10078263199999782,0.003586338767839852
strongscale_native_np16_16x1x1_N968,16,16x1x1,60,960,960,1,5,495,0.07352267707676775,0.018659733311111048,0.026667009220201942,0.0921824103878788,0.09227395099999569,0.0024601741230629525
strongscale_native_np16_16x1x1_N968,16,16x1x1,60,960,960,2,5,495,0.08008204857575738,0.0186825492323232,0.033885958204040494,0.09876459780808057,0.09975194899999451,0.0032038495826010563
strongscale_native_np16_16x1x1_N968,16,16x1x1,60,960,960,3,5,495,0.06976717654949494,0.018635814848484835,0.02409676785656557,0.08840299139797977,0.08805370300000348,0.0038513075994735893
strongscale_native_np16_16x1x1_N968,16,16x1x1,60,960,960,4,5,495,0.08172226242626263,0.018727373816161786,0.03727404420404029,0.10044963624242441,0.10084748300000257,0.0039034323270528025
strongscale_native_np16_16x1x1_N968,16,16x1x1,60,960,960,5,5,495,0.07446721536767693,0.018943431626262566,0.02998486720606049,0.0934106469939395,0.09312653499999968,0.003321146946988176
strongscale_native_np16_16x1x1_N968,16,16x1x1,60,960,960,6,5,495,0.08163635849494949,0.019540447193939263,0.03798531137777777,0.10117680568888875,0.10140299899999405,0.004121690134669483
strongscale_native_np16_16x1x1_N968,16,16x1x1,60,960,960,7,5,495,0.07030301814747464,0.019088820735353795,0.02493828089494932,0.08939183888282842,0.08865809399999591,0.004291191737244447
strongscale_native_np16_16x1x1_N968,16,16x1x1,60,960,960,8,5,495,0.08029429453737379,0.01896530834141415,0.037996124492929426,0.09925960287878795,0.10014772500000646,0.004175080321766439
strongscale_native_np16_16x1x1_N968,16,16x1x1,60,960,960,9,5,495,0.07346181629494956,0.019136686026262575,0.03204295559595946,0.09259850232121214,0.0927815439999975,0.0018560561029317777
strongscale_native_np16_16x1x1_N968,16,16x1x1,60,960,960,10,5,495,0.07893418928080832,0.018721749559595907,0.03507090628888873,0.09765593884040423,0.09806394499999982,0.004373709598893759
strongscale_native_np16_16x1x1_N968,16,16x1x1,60,960,960,11,5,495,0.06926128452525253,0.019303599771717184,0.027914428212121516,0.08856488429696972,0.08891582499999373,0.0019252221926124443
strongscale_native_np16_16x1x1_N968,16,16x1x1,60,960,960,12,5,495,0.1349091096424243,0.019178377494949404,0.06357310950909106,0.15408748713737372,0.15101695100000256,0.008560424951539943
strongscale_native_np16_16x1x1_N968,16,16x1x1,60,960,960,13,5,495,0.10691734031919205,0.01904600031919193,0.06944477918585859,0.12596334063838396,0.12279844299999354,0.01086692578283262
strongscale_native_np16_16x1x1_N968,16,16x1x1,60,960,960,14,5,495,0.11543783610303061,0.01871164926868692,0.07968384085454543,0.13414948537171753,0.1334040170000037,0.007931493372803002
strongscale_native_np16_16x1x1_N968,16,16x1x1,60,960,960,15,5,495,0.10281406315757564,0.019044958466666637,0.022188978456565703,0.12185902162424228,0.12348985699999915,0.0074526154341609495
strongscale_native_np16_1x16x1_N968,16,1x16x1,960,60,960,0,5,495,0.02645056705252522,0.015347580925252496,0.0024685460141413607,0.041798147977777714,0.0413761130000001,0.0017938025619228563
strongscale_native_np16_1x16x1_N968,16,1x16x1,960,60,960,1,5,495,0.02524769953535351,0.015220773610100963,0.00589991916363636,0.04046847314545447,0.040320158000000106,0.001541056438315413
strongscale_native_np16_1x16x1_N968,16,1x16x1,960,60,960,2,5,495,0.025254318947474805,0.015279695723232284,0.005234287739393952,0.04053401467070709,0.04033708599999919,0.0016087379725022648
strongscale_native_np16_1x16x1_N968,16,1x16x1,960,60,960,3,5,495,0.025515593440403984,0.015210138654545437,0.006371252002020137,0.04072573209494942,0.04013824499999963,0.0018568317642995566
strongscale_native_np16_1x16x1_N968,16,1x16x1,960,60,960,4,5,495,0.025317368830303073,0.015320190260605998,0.006745010426262656,0.04063755909090907,0.04032063499999872,0.0017253337078676166
strongscale_native_np16_1x16x1_N968,16,1x16x1,960,60,960,5,5,495,0.025559631488888908,0.01531279977575755,0.0059822925515151636,0.04087243126464646,0.04043984399999978,0.0018444402967603365
strongscale_native_np16_1x16x1_N968,16,1x16x1,960,60,960,6,5,495,0.02578192479999997,0.015309014454545512,0.00552454863838378,0.04109093925454548,0.04088211099999839,0.001896321471088106
strongscale_native_np16_1x16x1_N968,16,1x16x1,960,60,960,7,5,495,0.02589114314545454,0.015368511698989904,0.007003372830303118,0.04125965484444444,0.040797709999999654,0.0020876435160015563
strongscale_native_np16_1x16x1_N968,16,1x16x1,960,60,960,8,5,495,0.025521416597979803,0.01527251184040404,0.005649730406060601,0.04079392843838384,0.04000234600000141,0.002058113763963238
strongscale_native_np16_1x16x1_N968,16,1x16x1,960,60,960,9,5,495,0.025550328375757568,0.015280663840404104,0.005147962367676778,0.040830992216161675,0.040221453000000906,0.001732937848866861
strongscale_native_np16_1x16x1_N968,16,1x16x1,960,60,960,10,5,495,0.025264781436363667,0.015286464397979753,0.005360901947474789,0.04055124583434342,0.03968501099999955,0.002058940670269885
strongscale_native_np16_1x16x1_N968,16,1x16x1,960,60,960,11,5,495,0.025708739927272763,0.015323929355555526,0.006681560280808086,0.04103266928282829,0.0404639249999974,0.0021871575623331934
strongscale_native_np16_1x16x1_N968,16,1x16x1,960,60,960,12,5,495,0.02680682169696971,0.01530200448080803,0.00889402497373737,0.04210882617777774,0.0404706000000008,0.0027842601972982613
strongscale_native_np16_1x16x1_N968,16,1x16x1,960,60,960,13,5,495,0.026972186450505097,0.015330788575757497,0.010077371470707067,0.042302975026262596,0.0419418810000014,0.0020753423312962495
strongscale_native_np16_1x16x1_N968,16,1x16x1,960,60,960,14,5,495,0.026031499931313103,0.015238718096969644,0.0090641532181818,0.04127021802828275,0.0410873899999995,0.0013801327561838374
strongscale_native_np16_1x16x1_N968,16,1x16x1,960,60,960,15,5,495,0.02798196376969698,0.015277835098989894,0.004370828589898969,0.043259798868686875,0.04325532900000084,0.002407629343002027
strongscale_native_np16_1x1x16_N968,16,1x1x16,960,960,60,0,5,495,0.008427706115151519,0.014757490658585868,0.0029804460909090727,0.02318519677373739,0.02309417699999905,0.0017357058496385463
strongscale_native_np16_1x1x16_N968,16,1x1x16,960,960,60,1,5,495,0.006696494432323264,0.01409519707676765,0.005764765705050498,0.020791691509090913,0.02114558300000091,0.0022242505189387753
strongscale_native_np16_1x1x16_N968,16,1x1x16,960,960,60,2,5,495,0.006976999410101005,0.014044689408080836,0.005903320123232264,0.02102168881818184,0.021717547999998033,0.002603084689311546
strongscale_native_np16_1x1x16_N968,16,1x1x16,960,960,60,3,5,495,0.006875684979797997,0.014095841038383815,0.007366589824242457,0.02097152601818181,0.021229506000000953,0.002490283575557033
strongscale_native_np16_1x1x16_N968,16,1x1x16,960,960,60,4,5,495,0.007564309129292983,0.013937390448484839,0.006632279408080796,0.02150169957777782,0.02141547199999927,0.002577193750970641
strongscale_native_np16_1x1x16_N968,16,1x1x16,960,960,60,5,5,495,0.007329429838383834,0.014124970468686856,0.00671026971313134,0.02145440030707069,0.021514892000000785,0.0025797702300714358
strongscale_native_np16_1x1x16_N968,16,1x1x16,960,960,60,6,5,495,0.007180759618181783,0.013915154892929268,0.0066578373979798615,0.02109591451111105,0.02119040499999869,0.0027975015281048255
strongscale_native_np16_1x1x16_N968,16,1x1x16,960,960,60,7,5,495,0.007271858658585858,0.014100290541414106,0.00791671494141416,0.021372149199999965,0.021082879000001498,0.002516609594522234
strongscale_native_np16_1x1x16_N968,16,1x1x16,960,960,60,8,5,495,0.007430016878787907,0.014009532040404012,0.006061040012121246,0.02143954891919192,0.02167797099999902,0.00204791713823899
strongscale_native_np16_1x1x16_N968,16,1x1x16,960,960,60,9,5,495,0.007345416355555561,0.014075752721212177,0.0068319576141414,0.02142116907676774,0.021236657000001102,0.002329024202597275
strongscale_native_np16_1x1x16_N968,16,1x1x16,960,960,60,10,5,495,0.006815629068686878,0.01398542146060606,0.007239120624242413,0.020801050529292937,0.020805596000000648,0.0023230130564847917
strongscale_native_np16_1x1x16_N968,16,1x1x16,960,960,60,11,5,495,0.007077983909090905,0.014217143129292975,0.007733125369696997,0.02129512703838388,0.021435737999999205,0.002024748291116814
strongscale_native_np16_1x1x16_N968,16,1x1x16,960,960,60,12,5,495,0.009954375945454598,0.01386966659191921,0.009408678195959556,0.02382404253737381,0.02340483699999929,0.0027046487711952453
strongscale_native_np16_1x1x16_N968,16,1x1x16,960,960,60,13,5,495,0.009494252644444465,0.013907338169696937,0.012821888676767668,0.023401590814141403,0.02336168299999919,0.002708010836234709
strongscale_native_np16_1x1x16_N968,16,1x1x16,960,960,60,14,5,495,0.009466202115151505,0.013734751498989901,0.012952413446464708,0.023200953614141408,0.02281665799999999,0.003135007414279242
strongscale_native_np16_1x1x16_N968,16,1x1x16,960,960,60,15,5,495,0.011329779983838394,0.014873066331313148,0.004501502163636357,0.026202846315151542,0.02614450499999954,0.003140427185994255
strongscale_native_np16_1x2x8_N968,16,1x2x8,960,480,120,0,5,495,0.004484704513131322,0.014061501028282821,0.001746342892929241,0.018546205541414142,0.01809954600000019,0.0011241187795110947
strongscale_native_np16_1x2x8_N968,16,1x2x8,960,480,120,1,5,495,0.005263240878787869,0.013874535137373719,0.0034841252969696973,0.019137776016161588,0.018886326999998815,0.001229538110328519
strongscale_native_np16_1x2x8_N968,16,1x2x8,960,480,120,2,5,495,0.005323673496969712,0.013922654749494919,0.0037771070505050325,0.01924632824646463,0.018903970000000214,0.0012569363013062397
strongscale_native_np16_1x2x8_N968,16,1x2x8,960,480,120,3,5,495,0.005133477626262605,0.01382209078181822,0.004388266414141459,0.018955568408080825,0.01843380999999944,0.0013642895998963382
strongscale_native_np16_1x2x8_N968,16,1x2x8,960,480,120,4,5,495,0.0054733011252525495,0.013755242985858557,0.004502526181818248,0.019228544111111107,0.01889038100000029,0.0012212346797555416
strongscale_native_np16_1x2x8_N968,16,1x2x8,960,480,120,5,5,495,0.0054114091212121565,0.013852357406060655,0.004153553648484821,0.01926376652727281,0.018913744999998983,0.0012814605451620682
strongscale_native_np16_1x2x8_N968,16,1x2x8,960,480,120,6,5,495,0.0052473049030303245,0.01378065358585863,0.003445423973737383,0.019027958488888955,0.018672704000000095,0.0012633581806467612
strongscale_native_np16_1x2x8_N968,16,1x2x8,960,480,120,7,5,495,0.00585762995353528,0.01398904395151515,0.0016832033616161369,0.01984667390505043,0.019357204000000294,0.0016157515994673394
strongscale_native_np16_1x2x8_N968,16,1x2x8,960,480,120,8,5,495,0.004440988222222199,0.013906513088888864,0.001880073549494994,0.018347501311111063,0.017875911000000855,0.0011227690167307555
strongscale_native_np16_1x2x8_N968,16,1x2x8,960,480,120,9,5,495,0.0040650651717171575,0.013705753559595947,0.0031643434121212963,0.017770818731313105,0.01753616299999905,8.91545131460709e-4
strongscale_native_np16_1x2x8_N968,16,1x2x8,960,480,120,10,5,495,0.004087855139393939,0.013764840872727273,0.0037655117777777424,0.01785269601212121,0.017486096000000728,0.0010843971270702909
strongscale_native_np16_1x2x8_N968,16,1x2x8,960,480,120,11,5,495,0.004073836575757613,0.013744360034343376,0.004339904478787872,0.01781819661010099,0.01750230799999919,0.0010256463134543624
strongscale_native_np16_1x2x8_N968,16,1x2x8,960,480,120,12,5,495,0.0041039524565656595,0.013732344208080791,0.004871405492929321,0.01783629666464645,0.01760006000000125,8.549103859209836e-4
strongscale_native_np16_1x2x8_N968,16,1x2x8,960,480,120,13,5,495,0.004117037517171738,0.013765499795959608,0.005427308517171669,0.017882537313131348,0.017619609999998787,9.648334567842225e-4
strongscale_native_np16_1x2x8_N968,16,1x2x8,960,480,120,14,5,495,0.0040892793616161775,0.013689018965656559,0.005395516006060592,0.017778298327272735,0.017529249000002523,9.138515360951917e-4
strongscale_native_np16_1x2x8_N968,16,1x2x8,960,480,120,15,5,495,0.004140846199999931,0.013793352420202045,0.002303982743434391,0.017934198620201975,0.01757311799999961,9.964049532887034e-4
strongscale_native_np16_1x4x4_N968,16,1x4x4,960,240,240,0,5,495,0.007760859030303052,0.015566458367676754,0.0017833387090909478,0.023327317397979806,0.022580385999999564,0.0018264146156625278
strongscale_native_np16_1x4x4_N968,16,1x4x4,960,240,240,1,5,495,0.007205426575757563,0.015475294313131263,0.0027516258989899044,0.022680720888888825,0.021954060000000553,0.0016926379929628555
strongscale_native_np16_1x4x4_N968,16,1x4x4,960,240,240,2,5,495,0.007210887096969684,0.015521531135353553,0.0027832782868687056,0.022732418232323238,0.02206206299999991,0.0015901778574064808
strongscale_native_np16_1x4x4_N968,16,1x4x4,960,240,240,3,5,495,0.007375448860606041,0.01546723724242428,0.0017597328424242505,0.02284268610303032,0.021917581000000297,0.0018733801053072074
strongscale_native_np16_1x4x4_N968,16,1x4x4,960,240,240,4,5,495,0.00716888734747471,0.015393832210101033,0.0030799143353535197,0.022562719557575744,0.021958351000002096,0.0015507377236934619
strongscale_native_np16_1x4x4_N968,16,1x4x4,960,240,240,5,5,495,0.006496716494949458,0.015440669674747479,0.004160536628282825,0.021937386169696937,0.021426439999999047,0.0012789004222182698
strongscale_native_np16_1x4x4_N968,16,1x4x4,960,240,240,6,5,495,0.006472261018181792,0.015369238539393936,0.004157811983838346,0.02184149955757573,0.021307228999999595,0.001412844364961199
strongscale_native_np16_1x4x4_N968,16,1x4x4,960,240,240,7,5,495,0.006516430125252531,0.015484779575757543,0.002932952593939439,0.022001209701010074,0.021424531999999274,0.0013830459796375877
strongscale_native_np16_1x4x4_N968,16,1x4x4,960,240,240,8,5,495,0.007146485632323206,0.015339913038383819,0.0031143284727272527,0.022486398670707026,0.02191949000000193,0.0015802982450736581
strongscale_native_np16_1x4x4_N968,16,1x4x4,960,240,240,9,5,495,0.0064095781313131435,0.015198444157575755,0.004060313224242424,0.0216080222888889,0.021241664999998022,0.0011350069128781039
strongscale_native_np16_1x4x4_N968,16,1x4x4,960,240,240,10,5,495,0.006471587169696947,0.015365595777777743,0.0040354151030302845,0.02183718294747469,0.021286487999999437,0.0013599258624118718
strongscale_native_np16_1x4x4_N968,16,1x4x4,960,240,240,11,5,495,0.0064633826767676985,0.015370516814141403,0.002791872894949482,0.021833899490909102,0.02130389300000246,0.0013447352052282395
strongscale_native_np16_1x4x4_N968,16,1x4x4,960,240,240,12,5,495,0.007450352769696985,0.015266325971717154,0.0024398432767677013,0.02271667874141414,0.022155523000000343,0.0014531496407818264
strongscale_native_np16_1x4x4_N968,16,1x4x4,960,240,240,13,5,495,0.006425354703030324,0.015225037646464663,0.003754597484848493,0.02165039234949499,0.021354197999999158,9.549334420325152e-4
strongscale_native_np16_1x4x4_N968,16,1x4x4,960,240,240,14,5,495,0.0064171954565656955,0.015195302309090946,0.003876509802020165,0.02161249776565664,0.02125549400000004,0.0010219624933944288
strongscale_native_np16_1x4x4_N968,16,1x4x4,960,240,240,15,5,495,0.006464915305050437,0.015292930115151534,0.002261742711111111,0.021757845420201972,0.021286249999999285,0.0012402632499451697
strongscale_native_np16_1x8x2_N968,16,1x8x2,960,120,480,0,5,495,0.013173933739393922,0.014707243549494988,0.002068587012121204,0.02788117728888891,0.027374744000001172,0.0016141933042252137
strongscale_native_np16_1x8x2_N968,16,1x8x2,960,120,480,1,5,495,0.011815182832323266,0.014631959642424234,0.002165527515151551,0.026447142474747498,0.02616715399999947,0.0011339485943919806
strongscale_native_np16_1x8x2_N968,16,1x8x2,960,120,480,2,5,495,0.013358799624242405,0.014763398595959563,0.003658966101010173,0.02812219822020197,0.02765774700000101,0.0017224149524850043
strongscale_native_np16_1x8x2_N968,16,1x8x2,960,120,480,3,5,495,0.011662143189899006,0.014613581666666644,0.003927877698989899,0.02627572485656565,0.025993586000000235,0.0011703972236437753
strongscale_native_np16_1x8x2_N968,16,1x8x2,960,120,480,4,5,495,0.014354811767676742,0.014690779666666605,0.0033591607535354427,0.029045591434343345,0.028396606999999463,0.0015513243205260892
strongscale_native_np16_1x8x2_N968,16,1x8x2,960,120,480,5,5,495,0.011741029850505024,0.01465634714949495,0.003919743040403971,0.026397376999999975,0.026137352000001002,0.0010518819567379785
strongscale_native_np16_1x8x2_N968,16,1x8x2,960,120,480,6,5,495,0.013336928672727266,0.014634691581818177,0.0038421404323231907,0.027971620254545443,0.027624606999999912,0.001274514453281395
strongscale_native_np16_1x8x2_N968,16,1x8x2,960,120,480,7,5,495,0.011776370216161645,0.014765551571717186,0.0038198803252524477,0.02654192178787883,0.026154995000000625,0.0013698357352676393
strongscale_native_np16_1x8x2_N968,16,1x8x2,960,120,480,8,5,495,0.013233504620202025,0.014619924109090974,0.003894324264646446,0.027853428729293,0.027342319000000614,0.0015558295793788122
strongscale_native_np16_1x8x2_N968,16,1x8x2,960,120,480,9,5,495,0.011718054503030303,0.014603924525252571,0.00374559969696968,0.026321979028282875,0.02602767899999847,0.0011905462089275957
strongscale_native_np16_1x8x2_N968,16,1x8x2,960,120,480,10,5,495,0.012894441149494909,0.014581151440404056,0.0041472661232322995,0.027475592589898967,0.026891708000000847,0.0015991560126771263
strongscale_native_np16_1x8x2_N968,16,1x8x2,960,120,480,11,5,495,0.011687166505050497,0.014593892137373747,0.0036345505898989325,0.026281058642424242,0.026036023000001407,0.0011013842256536966
strongscale_native_np16_1x8x2_N968,16,1x8x2,960,120,480,12,5,495,0.01320375386262631,0.014611757670707087,0.0053275363838384245,0.027815511533333396,0.02751255100000094,0.0012240780096991002
strongscale_native_np16_1x8x2_N968,16,1x8x2,960,120,480,13,5,495,0.01174816023030301,0.01461305280202015,0.005272964507070726,0.02636121303232316,0.026118517000000452,9.2320962858711e-4
strongscale_native_np16_1x8x2_N968,16,1x8x2,960,120,480,14,5,495,0.01327579187878787,0.014523569743434371,0.0030832324202020554,0.02779936162222224,0.027377128999999556,0.0013515279064468476
strongscale_native_np16_1x8x2_N968,16,1x8x2,960,120,480,15,5,495,0.011728581030303012,0.014566321343434368,0.0030608389090909377,0.02629490237373738,0.026052475000000186,9.452907353392235e-4
strongscale_native_np16_2x1x8_N968,16,2x1x8,480,960,120,0,5,495,0.011129447654545498,0.013441632505050458,0.004239364557575782,0.024571080159595957,0.024389028000001645,7.918393982090978e-4
strongscale_native_np16_2x1x8_N968,16,2x1x8,480,960,120,1,5,495,0.005160245032323261,0.01360286897373738,0.005909645208080864,0.01876311400606064,0.018202781999999473,0.0013758363517252328
strongscale_native_np16_2x1x8_N968,16,2x1x8,480,960,120,2,5,495,0.005442631377777784,0.013616855696969726,0.005826968862626293,0.01905948707474751,0.018486499999998074,0.0012919205325517841
strongscale_native_np16_2x1x8_N968,16,2x1x8,480,960,120,3,5,495,0.005243342828282809,0.013656584929292916,0.008214212692929285,0.018899927757575725,0.01831149999999937,0.0014422130984208274
strongscale_native_np16_2x1x8_N968,16,2x1x8,480,960,120,4,5,495,0.0057159240828282935,0.013462430327272686,0.007022256072727348,0.01917835441010098,0.018660545999999556,0.0015949652861057858
strongscale_native_np16_2x1x8_N968,16,2x1x8,480,960,120,5,5,495,0.005480200804040389,0.01358131350505056,0.007706741854545467,0.01906151430909095,0.018424033000000506,0.0016280946301717978
strongscale_native_np16_2x1x8_N968,16,2x1x8,480,960,120,6,5,495,0.005367992381818168,0.01343273490909086,0.005507694571717166,0.018800727290909026,0.018470049000001154,0.0012593635257827373
strongscale_native_np16_2x1x8_N968,16,2x1x8,480,960,120,7,5,495,0.005829511997979838,0.013567526686868663,0.00461169059191916,0.0193970386848485,0.018637180000002473,0.0018387264950224943
strongscale_native_np16_2x1x8_N968,16,2x1x8,480,960,120,8,5,495,0.011016614967676792,0.013380804444444436,0.004554602094949461,0.02439741941212123,0.024299859999999285,7.17658041508299e-4
strongscale_native_np16_2x1x8_N968,16,2x1x8,480,960,120,9,5,495,0.004248069511111137,0.01347548457373738,0.005880334175757507,0.017723554084848516,0.01746106099999878,8.326894160023028e-4
strongscale_native_np16_2x1x8_N968,16,2x1x8,480,960,120,10,5,495,0.004311076101010121,0.013478455870706969,0.00551241191919189,0.01778953197171709,0.017480850000000103,9.248100860189045e-4
strongscale_native_np16_2x1x8_N968,16,2x1x8,480,960,120,11,5,495,0.0042591586383837685,0.01355647076363637,0.007658428612121276,0.01781562940202014,0.01742744500000093,0.0010411722111131273
strongscale_native_np16_2x1x8_N968,16,2x1x8,480,960,120,12,5,495,0.004406727193939364,0.013347022191919179,0.010933072167676796,0.017753749385858542,0.01766729300000236,5.064736897226896e-4
strongscale_native_np16_2x1x8_N968,16,2x1x8,480,960,120,13,5,495,0.004365444701010115,0.01330042319797974,0.011911770321212137,0.017665867898989857,0.017571687000000225,4.3635664251208737e-4
strongscale_native_np16_2x1x8_N968,16,2x1x8,480,960,120,14,5,495,0.004418392337373711,0.013315817832323199,0.00886436665050504,0.01773421016969691,0.01762294899999617,5.414657097791143e-4
strongscale_native_np16_2x1x8_N968,16,2x1x8,480,960,120,15,5,495,0.0043743263474747265,0.013361465080808113,0.005652777864646501,0.01773579142828284,0.01765441899999587,4.6834734652003807e-4
strongscale_native_np16_2x2x4_N968,16,2x2x4,480,480,240,0,5,495,0.013577660660606127,0.015224742410101005,0.003011070604040377,0.028802403070707132,0.028579951000001103,9.351298356366547e-4
strongscale_native_np16_2x2x4_N968,16,2x2x4,480,480,240,1,5,495,0.00837311938787881,0.015130730824242364,0.0037287346121212383,0.023503850212121175,0.022785902999999053,0.0018305778446412683
strongscale_native_np16_2x2x4_N968,16,2x2x4,480,480,240,2,5,495,0.008558743894949428,0.015196536767676723,0.003810009814141453,0.023755280662626152,0.023480176999999713,0.0017288475269402468
strongscale_native_np16_2x2x4_N968,16,2x2x4,480,480,240,3,5,495,0.007320824046464656,0.015149798547474702,0.0029720017414140813,0.02247062259393936,0.02191018999999983,0.0014820746301493423
strongscale_native_np16_2x2x4_N968,16,2x2x4,480,480,240,4,5,495,0.006805386193939309,0.01522261446868686,0.003630970959595947,0.02202800066262617,0.021687745000001257,0.0010630984428250353
strongscale_native_np16_2x2x4_N968,16,2x2x4,480,480,240,5,5,495,0.006433768208080764,0.015203716781818132,0.0047129925030302625,0.021637484989898897,0.021478175999998683,7.371484976238733e-4
strongscale_native_np16_2x2x4_N968,16,2x2x4,480,480,240,6,5,495,0.006436959662626231,0.01519499695555552,0.0046366884303030076,0.02163195661818175,0.02146291799999922,7.842628102779564e-4
strongscale_native_np16_2x2x4_N968,16,2x2x4,480,480,240,7,5,495,0.006478900139393881,0.015269653246464673,0.002973228981818157,0.021748553385858554,0.02153515699999886,8.474119732879165e-4
strongscale_native_np16_2x2x4_N968,16,2x2x4,480,480,240,8,5,495,0.014606122315151494,0.015161718979797987,0.003577635979798016,0.02976784129494948,0.029541492999999974,0.0012666677207518666
strongscale_native_np16_2x2x4_N968,16,2x2x4,480,480,240,9,5,495,0.0065453702565656515,0.015143307769696983,0.004583974327272754,0.021688678026262637,0.021547793999998177,7.336757124454093e-4
strongscale_native_np16_2x2x4_N968,16,2x2x4,480,480,240,10,5,495,0.006535143779797967,0.015086182652525287,0.004435403907070675,0.021621326432323253,0.02150964799999855,7.19455392331957e-4
strongscale_native_np16_2x2x4_N968,16,2x2x4,480,480,240,11,5,495,0.0065371166505050395,0.015158160034343447,0.003383576268686865,0.021695276684848486,0.021530865999999094,7.905198294447297e-4
strongscale_native_np16_2x2x4_N968,16,2x2x4,480,480,240,12,5,495,0.00652049625656568,0.01514275581010101,0.004063293177777711,0.02166325206666669,0.0215558989999991,6.207193619009902e-4
strongscale_native_np16_2x2x4_N968,16,2x2x4,480,480,240,13,5,495,0.006432414763636367,0.0151291813636364,0.004972768036363566,0.021561596127272768,0.021495342999999778,4.579877554230428e-4
strongscale_native_np16_2x2x4_N968,16,2x2x4,480,480,240,14,5,495,0.006422693547474709,0.015065211010101063,0.00479297735353529,0.021487904557575772,0.021406888999997875,5.339291944975283e-4
strongscale_native_np16_2x2x4_N968,16,2x2x4,480,480,240,15,5,495,0.006425842597979777,0.015122197856565657,0.0036400236080808023,0.021548040454545433,0.021413564000001273,7.0418712510956e-4
strongscale_native_np16_2x4x2_N968,16,2x4x2,480,240,480,0,5,495,0.018762317331313186,0.016938519244444412,0.0030558870383838505,0.035700836575757594,0.03543305399999852,0.0012168950043832357
strongscale_native_np16_2x4x2_N968,16,2x4x2,480,240,480,1,5,495,0.01196607821010103,0.016876926838383856,0.002673973682828351,0.028843005048484888,0.028555154999995835,0.0011139342565827672
strongscale_native_np16_2x4x2_N968,16,2x4x2,480,240,480,2,5,495,0.012839373703030342,0.016934963682828343,0.003452664208080864,0.029774337385858687,0.02923011700000444,0.0017250864823824537
strongscale_native_np16_2x4x2_N968,16,2x4x2,480,240,480,3,5,495,0.01171840510909093,0.016819395672727302,0.008444964787878793,0.02853780078181823,0.028303145999998947,8.789382696357878e-4
strongscale_native_np16_2x4x2_N968,16,2x4x2,480,240,480,4,5,495,0.013869180589898977,0.016935539719191928,0.00512830706060604,0.030804720309090906,0.030398131000001882,0.0016607261451992894
strongscale_native_np16_2x4x2_N968,16,2x4x2,480,240,480,5,5,495,0.011863588583838425,0.016918203103030348,0.005057583915151585,0.028781791686868775,0.028599500000000333,9.461445478783714e-4
strongscale_native_np16_2x4x2_N968,16,2x4x2,480,240,480,6,5,495,0.013776311480808169,0.016956948757575738,0.004102707884848483,0.030733260238383908,0.030220030999998926,0.0017925987893187352
strongscale_native_np16_2x4x2_N968,16,2x4x2,480,240,480,7,5,495,0.011815357181818207,0.01695112074949497,0.0038322862969696592,0.028766477931313175,0.028584479999999246,9.435264898104045e-4
strongscale_native_np16_2x4x2_N968,16,2x4x2,480,240,480,8,5,495,0.018990638046464614,0.016854455735353532,0.003133340331313158,0.035845093781818146,0.035726786000001454,8.539334458793649e-4
strongscale_native_np16_2x4x2_N968,16,2x4x2,480,240,480,9,5,495,0.011829088202020228,0.01687424689898995,0.0025499271191919354,0.02870333510101018,0.02852630600000161,9.802424877587727e-4
strongscale_native_np16_2x4x2_N968,16,2x4x2,480,240,480,10,5,495,0.011874515375757575,0.01686580833535353,0.0061892249575757514,0.028740323711111102,0.02857017500000225,8.329720601313784e-4
strongscale_native_np16_2x4x2_N968,16,2x4x2,480,240,480,11,5,495,0.011709083228282863,0.01686548947070706,0.009727203979797943,0.028574572698989924,0.028341531000000586,0.0010341935919878338
strongscale_native_np16_2x4x2_N968,16,2x4x2,480,240,480,12,5,495,0.012054960648484806,0.016853013197979858,0.004389340470707059,0.028907973846464662,0.028774261999998885,7.35951062161986e-4
strongscale_native_np16_2x4x2_N968,16,2x4x2,480,240,480,13,5,495,0.011685222581818167,0.0168692044222222,0.004567966082828341,0.028554427004040366,0.028362512999999367,7.718302435467124e-4
strongscale_native_np16_2x4x2_N968,16,2x4x2,480,240,480,14,5,495,0.011855374420201927,0.016850379983838374,0.0035600093737373564,0.0287057544040403,0.02855062400000108,8.502210791334704e-4
strongscale_native_np16_2x4x2_N968,16,2x4x2,480,240,480,15,5,495,0.011705355747474711,0.016807517593939336,0.002799546595959627,0.028512873341414047,0.028442382000001487,5.813020782829766e-4
strongscale_native_np16_2x8x1_N968,16,2x8x1,480,120,960,0,5,495,0.02967282694343435,0.015421806684848502,0.0035630240363636527,0.04509463362828285,0.04497075100000103,9.754958660811616e-4
strongscale_native_np16_2x8x1_N968,16,2x8x1,480,120,960,1,5,495,0.023797359365656547,0.015381749464646474,0.0060353650000000095,0.039179108830303025,0.038870097000000214,0.001290438594123615
strongscale_native_np16_2x8x1_N968,16,2x8x1,480,120,960,2,5,495,0.02378159820202015,0.015456475165656626,0.005695772632323344,0.039238073367676776,0.03892207200000186,0.0014563892441920533
strongscale_native_np16_2x8x1_N968,16,2x8x1,480,120,960,3,5,495,0.02404153468484839,0.01534812236363635,0.005695026070707064,0.03938965704848474,0.03899669599999811,0.0015415180171157769
strongscale_native_np16_2x8x1_N968,16,2x8x1,480,120,960,4,5,495,0.025806165957575785,0.015432215195959598,0.005592346193939407,0.04123838115353538,0.040621280999999954,0.0025633429374061806
strongscale_native_np16_2x8x1_N968,16,2x8x1,480,120,960,5,5,495,0.025802885890909108,0.01545617751717164,0.005831157329292881,0.04125906340808075,0.04074788200000512,0.0022060420670311724
strongscale_native_np16_2x8x1_N968,16,2x8x1,480,120,960,6,5,495,0.025059414351515173,0.01542349871515147,0.005420766214141454,0.04048291306666665,0.03983807500000047,0.002136884940729607
strongscale_native_np16_2x8x1_N968,16,2x8x1,480,120,960,7,5,495,0.024753532515151513,0.015541658028282782,0.003376136185858543,0.04029519054343429,0.03926611000000335,0.0026340075752077402
strongscale_native_np16_2x8x1_N968,16,2x8x1,480,120,960,8,5,495,0.029307546016161628,0.015365300503030272,0.003561763557575836,0.0446728465191919,0.04456925400000067,8.187989157533261e-4
strongscale_native_np16_2x8x1_N968,16,2x8x1,480,120,960,9,5,495,0.022816721127272715,0.01536145356565651,0.00591988369898992,0.03817817469292922,0.038105487999999355,7.288589806410668e-4
strongscale_native_np16_2x8x1_N968,16,2x8x1,480,120,960,10,5,495,0.02293217207070709,0.015366915995959645,0.005724320260606007,0.03829908806666673,0.038204432000000565,8.020744935762408e-4
strongscale_native_np16_2x8x1_N968,16,2x8x1,480,120,960,11,5,495,0.022733309757575787,0.015413468292929278,0.004828103377777784,0.038146778050505065,0.037969826999997736,0.0010006349369225478
strongscale_native_np16_2x8x1_N968,16,2x8x1,480,120,960,12,5,495,0.023137101266666637,0.015384268509090946,0.00661206536969697,0.03852136977575758,0.03847908999999916,7.485097296956924e-4
strongscale_native_np16_2x8x1_N968,16,2x8x1,480,120,960,13,5,495,0.023230729452525228,0.01537756342626267,0.006724561842424187,0.0386082928787879,0.03856897299999851,7.795239192639915e-4
strongscale_native_np16_2x8x1_N968,16,2x8x1,480,120,960,14,5,495,0.022891924559595968,0.015370312612121293,0.006863152882828312,0.03826223717171726,0.03814625699999752,7.519276016793864e-4
strongscale_native_np16_2x8x1_N968,16,2x8x1,480,120,960,15,5,495,0.022683616599999998,0.015388323070707118,0.003931715991919179,0.038071939670707114,0.03795528400000059,8.418675358436342e-4
strongscale_native_np16_4x1x4_N968,16,4x1x4,240,960,240,0,5,495,0.02246934187474739,0.014715082951515171,0.0037219331919191817,0.03718442482626256,0.036663294000000235,0.0020080434669943847
strongscale_native_np16_4x1x4_N968,16,4x1x4,240,960,240,1,5,495,0.010199300690909022,0.014843077149494828,0.0050606901111110904,0.025042377840403852,0.024447202999999362,0.003523839226899756
strongscale_native_np16_4x1x4_N968,16,4x1x4,240,960,240,2,5,495,0.010206699874747465,0.014798234694949484,0.004288651694949532,0.02500493456969695,0.023884058000000152,0.00365249981726275
strongscale_native_np16_4x1x4_N968,16,4x1x4,240,960,240,3,5,495,0.008072794303030312,0.014823146785858658,0.0033482951575758554,0.022895941088888972,0.021596193999997126,0.003378846572518754
strongscale_native_np16_4x1x4_N968,16,4x1x4,240,960,240,4,5,495,0.021795389858585933,0.014667009565656513,0.013151044078787871,0.036462399424242446,0.036309242999999825,0.0013762498698470117
strongscale_native_np16_4x1x4_N968,16,4x1x4,240,960,240,5,5,495,0.006658100343434311,0.014648381610101036,0.013655293573737367,0.021306481953535347,0.021240473000002424,4.639089910457763e-4
strongscale_native_np16_4x1x4_N968,16,4x1x4,240,960,240,6,5,495,0.006652549822222221,0.014618694385858576,0.010237706773737356,0.021271244208080797,0.021229982000001257,3.530674171129942e-4
strongscale_native_np16_4x1x4_N968,16,4x1x4,240,960,240,7,5,495,0.00665290815555554,0.014705315016161704,0.009641647351515114,0.021358223171717244,0.021245240999999027,6.497397653478119e-4
strongscale_native_np16_4x1x4_N968,16,4x1x4,240,960,240,8,5,495,0.021673332094949514,0.014665152343434322,0.014380847082828264,0.036338484438383833,0.036258459999999104,0.0014541570428563816
strongscale_native_np16_4x1x4_N968,16,4x1x4,240,960,240,9,5,495,0.006645148210100968,0.014626688905050497,0.015240887872727182,0.021271837115151463,0.02119469600000201,5.337078104439164e-4
strongscale_native_np16_4x1x4_N968,16,4x1x4,240,960,240,10,5,495,0.006723052806060615,0.014617892943434343,0.010849235044444508,0.02134094574949496,0.02127599800000013,4.556843465675292e-4
strongscale_native_np16_4x1x4_N968,16,4x1x4,240,960,240,11,5,495,0.006648823727272772,0.0145728178585858,0.011418173531313098,0.021221641585858573,0.02110290499999934,6.00480507049271e-4
strongscale_native_np16_4x1x4_N968,16,4x1x4,240,960,240,12,5,495,0.03112758481212115,0.014657132353535322,0.006994794575757652,0.04578471716565648,0.04527997999999833,0.0024830139027131144
strongscale_native_np16_4x1x4_N968,16,4x1x4,240,960,240,13,5,495,0.006796135084848494,0.014620714951515224,0.008431687482828274,0.02141685003636372,0.02137470100000094,4.1674465670564313e-4
strongscale_native_np16_4x1x4_N968,16,4x1x4,240,960,240,14,5,495,0.00674359727676766,0.014562267252525293,0.0066202688646464425,0.02130586452929295,0.021262885000002285,3.921314269326115e-4
strongscale_native_np16_4x1x4_N968,16,4x1x4,240,960,240,15,5,495,0.006654820311111098,0.014636795476767673,0.005918468593939439,0.021291615787878772,0.021250248000001193,3.9831907921185773e-4
strongscale_native_np16_4x2x2_N968,16,4x2x2,240,480,480,0,5,495,0.02832245780404043,0.017028988753535403,0.0034242287939393683,0.04535144655757583,0.04511809399999933,0.0016020771757080004
strongscale_native_np16_4x2x2_N968,16,4x2x2,240,480,480,1,5,495,0.012925387840403979,0.016953501551515104,0.004106312084848483,0.02987888939191908,0.02897834700000068,0.001867374762444697
strongscale_native_np16_4x2x2_N968,16,4x2x2,240,480,480,2,5,495,0.014953559812121164,0.01703147937979797,0.0037780357151514315,0.03198503919191913,0.031930208999998655,0.0023833308512788602
strongscale_native_np16_4x2x2_N968,16,4x2x2,240,480,480,3,5,495,0.0119457480666666,0.016976797688888868,0.0038660059252525305,0.02892254575555547,0.028655052999999597,0.0011680757127346287
strongscale_native_np16_4x2x2_N968,16,4x2x2,240,480,480,4,5,495,0.028035609438383874,0.016929958319191904,0.007569227309090931,0.04496556775757578,0.04488086799999813,0.0012777730515235795
strongscale_native_np16_4x2x2_N968,16,4x2x2,240,480,480,5,5,495,0.012129742222222236,0.01698885060808089,0.007284494852525222,0.029118592830303127,0.029037476000002727,4.5635262118929926e-4
strongscale_native_np16_4x2x2_N968,16,4x2x2,240,480,480,6,5,495,0.012262992670707022,0.016928392490909126,0.007514579359595915,0.029191385161616148,0.02915358599999962,3.793957061546672e-4
strongscale_native_np16_4x2x2_N968,16,4x2x2,240,480,480,7,5,495,0.012109599406060632,0.017054214888888947,0.007046073373737404,0.02916381429494958,0.029063940000000343,6.717220804184082e-4
strongscale_native_np16_4x2x2_N968,16,4x2x2,240,480,480,8,5,495,0.02816648388686874,0.016901508474747466,0.008912833549494863,0.04506799236161621,0.04504299200000084,0.0014474497402849628
strongscale_native_np16_4x2x2_N968,16,4x2x2,240,480,480,9,5,495,0.012157930026262595,0.016933669004040388,0.007944267923232355,0.02909159903030298,0.029090404000001513,4.7336347255510174e-4
strongscale_native_np16_4x2x2_N968,16,4x2x2,240,480,480,10,5,495,0.012182583977777729,0.016891502604040504,0.008289743676767667,0.02907408658181823,0.028949737999997893,4.074136897165236e-4
strongscale_native_np16_4x2x2_N968,16,4x2x2,240,480,480,11,5,495,0.012008433870707092,0.0168841506626263,0.007535750929292921,0.028892584533333394,0.02875399599999895,5.152149860875772e-4
strongscale_native_np16_4x2x2_N968,16,4x2x2,240,480,480,12,5,495,0.035660947959595915,0.016954583373737363,0.004885539121212054,0.05261553133333328,0.052152157000001864,0.0018295989188446126
strongscale_native_np16_4x2x2_N968,16,4x2x2,240,480,480,13,5,495,0.012218541824242365,0.016959833371717168,0.0048485851676767396,0.029178375195959533,0.029112101000000834,4.789499141778978e-4
strongscale_native_np16_4x2x2_N968,16,4x2x2,240,480,480,14,5,495,0.012264428492929243,0.016858406711111083,0.00481777624848483,0.029122835204040326,0.028972864999998293,5.096755717398243e-4
strongscale_native_np16_4x2x2_N968,16,4x2x2,240,480,480,15,5,495,0.01203952313131316,0.016907679416161638,0.004379860074747461,0.0289472025474748,0.028914451999998647,4.6194324508049673e-4
strongscale_native_np16_4x4x1_N968,16,4x4x1,240,240,960,0,5,495,0.03993229095959602,0.01939860355757582,0.0031648038767677095,0.05933089451717184,0.05870199199999959,0.002176689704223143
strongscale_native_np16_4x4x1_N968,16,4x4x1,240,240,960,1,5,495,0.026485879460606005,0.01925403468282828,0.004107040820202017,0.045739914143434285,0.044275522999999595,0.003299299973661517
strongscale_native_np16_4x4x1_N968,16,4x4x1,240,240,960,2,5,495,0.028101682672727397,0.01938491301616165,0.0040074146282827955,0.04748659568888904,0.04746246300000223,0.003421804453078762
strongscale_native_np16_4x4x1_N968,16,4x4x1,240,240,960,3,5,495,0.026476666410101,0.01928815216767666,0.00303902385858584,0.04576481857777766,0.043823717999998735,0.004177284999795894
strongscale_native_np16_4x4x1_N968,16,4x4x1,240,240,960,4,5,495,0.03885398968080803,0.019279489155555527,0.007626080765656534,0.058133478836363564,0.05788493200000033,0.0014394259962298263
strongscale_native_np16_4x4x1_N968,16,4x4x1,240,240,960,5,5,495,0.02347220794545449,0.019233551909090926,0.008040395416161535,0.042705759854545416,0.042582988000001265,8.229492015114385e-4
strongscale_native_np16_4x4x1_N968,16,4x4x1,240,240,960,6,5,495,0.023949015755555542,0.019266229711111155,0.006723829707070712,0.0432152454666667,0.04324841400000068,7.688545800948649e-4
strongscale_native_np16_4x4x1_N968,16,4x4x1,240,240,960,7,5,495,0.023419990466666735,0.019235117779798038,0.007157396078787907,0.04265510824646477,0.04253840499999839,8.945647086157116e-4
strongscale_native_np16_4x4x1_N968,16,4x4x1,240,240,960,8,5,495,0.03870911016363627,0.01918737046262627,0.008218148721212182,0.057896480626262535,0.057644606000001986,0.0017631775925077329
strongscale_native_np16_4x4x1_N968,16,4x4x1,240,240,960,9,5,495,0.023696248244444468,0.019199387713131417,0.00838177272525253,0.04289563595757588,0.04285621600000056,9.094903899362162e-4
strongscale_native_np16_4x4x1_N968,16,4x4x1,240,240,960,10,5,495,0.0237703202888889,0.01924951484242429,0.007505801668686833,0.04301983513131319,0.04306507099999912,9.003364321059555e-4
strongscale_native_np16_4x4x1_N968,16,4x4x1,240,240,960,11,5,495,0.023417505604040437,0.0192008042767676,0.007629798141414115,0.04261830988080804,0.04260039400000082,7.330636904717662e-4
strongscale_native_np16_4x4x1_N968,16,4x4x1,240,240,960,12,5,495,0.04788248272727276,0.019220781779797906,0.00514288476565661,0.06710326450707066,0.06659007100000025,0.0025747974352703135
strongscale_native_np16_4x4x1_N968,16,4x4x1,240,240,960,13,5,495,0.023639187157575788,0.01919225587272729,0.006751881721212157,0.04283144303030308,0.042748690000003364,6.756911773011132e-4
strongscale_native_np16_4x4x1_N968,16,4x4x1,240,240,960,14,5,495,0.023775086771717142,0.019154345426262605,0.00589629570101012,0.04292943219797975,0.04297876400000078,7.883753624466594e-4
strongscale_native_np16_4x4x1_N968,16,4x4x1,240,240,960,15,5,495,0.023587533666666705,0.019205611634343436,0.00495633018989895,0.04279314530101014,0.042776108000001756,7.837138830316569e-4
strongscale_native_np16_8x1x2_N968,16,8x1x2,120,960,480,0,5,495,0.040670916044444574,0.012247666448484958,0.00992840082222224,0.05291858249292953,0.05322456400000419,0.0016110907538076375
strongscale_native_np16_8x1x2_N968,16,8x1x2,120,960,480,1,5,495,0.011349149676767704,0.012637860846464616,0.004647337311111134,0.02398701052323232,0.02348518400000188,0.0010684449523334892
strongscale_native_np16_8x1x2_N968,16,8x1x2,120,960,480,2,5,495,0.03900203226060602,0.012266493775757639,0.012295512927272706,0.051268526036363664,0.05163288099999974,0.0016173635063528211
strongscale_native_np16_8x1x2_N968,16,8x1x2,120,960,480,3,5,495,0.010909254876767676,0.012241154020201967,0.008703801614141351,0.023150408896969645,0.023115634999999912,2.3691606214309432e-4
strongscale_native_np16_8x1x2_N968,16,8x1x2,120,960,480,4,5,495,0.04137598334747479,0.012184548658585861,0.014875731793939462,0.05356053200606065,0.05377268800000223,0.0020423215585579986
strongscale_native_np16_8x1x2_N968,16,8x1x2,120,960,480,5,5,495,0.010981271244444538,0.012149200521212133,0.009533216016161533,0.02313047176565667,0.023133278000003088,2.4964100612036733e-4
strongscale_native_np16_8x1x2_N968,16,8x1x2,120,960,480,6,5,495,0.04010942584040401,0.012163818731313142,0.05037870497979801,0.05227324457171715,0.05141568199999824,0.0033054174211626557
strongscale_native_np16_8x1x2_N968,16,8x1x2,120,960,480,7,5,495,0.011104581337373758,0.012280206945454555,0.03547663740000001,0.023384788282828313,0.023329496000002337,4.244263366660428e-4
strongscale_native_np16_8x1x2_N968,16,8x1x2,120,960,480,8,5,495,0.040524186016161694,0.012069443014141297,0.011674623292929188,0.05259362903030299,0.05330538700000176,0.0020154727958422306
strongscale_native_np16_8x1x2_N968,16,8x1x2,120,960,480,9,5,495,0.01098496166868691,0.012149777060606019,0.008317824581818137,0.02313473872929293,0.02310109200000099,2.496573936984524e-4
strongscale_native_np16_8x1x2_N968,16,8x1x2,120,960,480,10,5,495,0.038538323513131294,0.012078940270707085,0.045063299139393914,0.05061726378383838,0.05044674899999535,0.0019877881889174822
strongscale_native_np16_8x1x2_N968,16,8x1x2,120,960,480,11,5,495,0.01100703009090916,0.012217874256565677,0.018939825981818148,0.023224904347474838,0.02317214000000689,2.676845822898281e-4
strongscale_native_np16_8x1x2_N968,16,8x1x2,120,960,480,12,5,495,0.07032778623636377,0.01213938829494944,0.028041217327272664,0.0824671745313132,0.08464241000000072,0.010035713042572418
strongscale_native_np16_8x1x2_N968,16,8x1x2,120,960,480,13,5,495,0.011088438727272628,0.012107582280808146,0.012990234369696936,0.023196021008080773,0.023176192999997625,2.2495933901679548e-4
strongscale_native_np16_8x1x2_N968,16,8x1x2,120,960,480,14,5,495,0.062081520020201994,0.012094559808081006,0.008348347446464698,0.074176079828283,0.06881141799999924,0.010674228160556415
strongscale_native_np16_8x1x2_N968,16,8x1x2,120,960,480,15,5,495,0.011078582644444595,0.012136023941414052,0.008958166290909142,0.02321460658585865,0.02318048499999037,4.8604853931072113e-4
strongscale_native_np16_8x2x1_N968,16,8x2x1,120,480,960,0,5,495,0.05074504841616153,0.014645088046464522,0.007738772323232416,0.06539013646262605,0.06569790900000072,0.0019059728863244797
strongscale_native_np16_8x2x1_N968,16,8x2x1,120,480,960,1,5,495,0.021202997250505073,0.014506694985858581,0.004489641476767622,0.03570969223636365,0.03567218699999941,3.876684433747166e-4
strongscale_native_np16_8x2x1_N968,16,8x2x1,120,480,960,2,5,495,0.04930419636767681,0.01459121271515161,0.022473455670707135,0.06389540908282841,0.06412816000000277,0.0016811478145411318
strongscale_native_np16_8x2x1_N968,16,8x2x1,120,480,960,3,5,495,0.021061191175757506,0.01452316130303025,0.013819170896969733,0.03558435247878775,0.0355715750000023,2.6464699575887526e-4
strongscale_native_np16_8x2x1_N968,16,8x2x1,120,480,960,4,5,495,0.051240147020202007,0.014586952012121365,0.012302942470707089,0.06582709903232338,0.06612825500000064,0.0019412926049700839
strongscale_native_np16_8x2x1_N968,16,8x2x1,120,480,960,5,5,495,0.021147352244444455,0.014500742705050602,0.008952151402020228,0.03564809494949506,0.035637377999997,2.6636734264272576e-4
strongscale_native_np16_8x2x1_N968,16,8x2x1,120,480,960,6,5,495,0.05047954112929288,0.014559006462626351,0.06057027419999998,0.06503854759191922,0.06402134900000078,0.003712969838554646
strongscale_native_np16_8x2x1_N968,16,8x2x1,120,480,960,7,5,495,0.021795864767676792,0.014603239115151571,0.05093615464242429,0.03639910388282836,0.036005021000001136,0.0010513534183815816
strongscale_native_np16_8x2x1_N968,16,8x2x1,120,480,960,8,5,495,0.05040592669292923,0.014463590408080805,0.013397459553535454,0.06486951710101004,0.06557083099999872,0.001984005295743767
strongscale_native_np16_8x2x1_N968,16,8x2x1,120,480,960,9,5,495,0.02108444926868689,0.014510574733333361,0.010362173313131438,0.035595024002020255,0.03558754899999883,3.0499108367034144e-4
strongscale_native_np16_8x2x1_N968,16,8x2x1,120,480,960,10,5,495,0.049737211175757544,0.01451074862222218,0.050447538632323326,0.06424795979797973,0.06380271899999812,0.002853462427077371
strongscale_native_np16_8x2x1_N968,16,8x2x1,120,480,960,11,5,495,0.021603753844444372,0.014460991355555503,0.03846572192929298,0.03606474519999987,0.0357720850000014,8.930967241346517e-4
strongscale_native_np16_8x2x1_N968,16,8x2x1,120,480,960,12,5,495,0.08547351288282823,0.014477803478787814,0.008878113054545457,0.09995131636161604,0.10283064899999772,0.008244467519539413
strongscale_native_np16_8x2x1_N968,16,8x2x1,120,480,960,13,5,495,0.021209650806060593,0.014497708797979845,0.012801628911111147,0.03570735960404044,0.035677671999998495,3.053340707637861e-4
strongscale_native_np16_8x2x1_N968,16,8x2x1,120,480,960,14,5,495,0.07184347385858593,0.014479578367676785,0.00855934449494943,0.08632305222626271,0.08084702599999716,0.009332282079632775
strongscale_native_np16_8x2x1_N968,16,8x2x1,120,480,960,15,5,495,0.02112445540808076,0.014515440911111085,0.009015898276767602,0.035639896319191844,0.03562188100000441,2.798784643661935e-4
strongscale_native_np20_10x1x2_N968,20,10x1x2,96,960,480,0,5,495,0.04165627644646456,0.01357712461212126,0.006347622052525218,0.055233401058585825,0.05562734600000141,0.0017356254050914645
strongscale_native_np20_10x1x2_N968,20,10x1x2,96,960,480,1,5,495,0.011855774713131375,0.013663316971717288,0.004381872432323077,0.02551909168484866,0.025324343999997723,6.276958757131594e-4
strongscale_native_np20_10x1x2_N968,20,10x1x2,96,960,480,2,5,495,0.039834626505050576,0.013585174941414186,0.023096085581818207,0.053419801446464764,0.05370330800000289,0.0016044814114306964
strongscale_native_np20_10x1x2_N968,20,10x1x2,96,960,480,3,5,495,0.011832023408080785,0.013535957620202137,0.01675729608080805,0.025367981028282922,0.025350808999998975,2.48102627069606e-4
strongscale_native_np20_10x1x2_N968,20,10x1x2,96,960,480,4,5,495,0.04190680427474747,0.013570207038383844,0.01208546473131313,0.055477011313131305,0.05518984800000126,0.001969340209147911
strongscale_native_np20_10x1x2_N968,20,10x1x2,96,960,480,5,5,495,0.011657542874747451,0.01360565148080815,0.009234837834343458,0.0252631943555556,0.025274276999997625,2.9225767286770435e-4
strongscale_native_np20_10x1x2_N968,20,10x1x2,96,960,480,6,5,495,0.04060659747070695,0.013573144666666601,0.04191491004646466,0.054179742137373546,0.05359125200000037,0.00287615134387627
strongscale_native_np20_10x1x2_N968,20,10x1x2,96,960,480,7,5,495,0.012128793381818145,0.01359067298585849,0.03848740838383826,0.025719466367676636,0.025485993000001983,0.001086890563328183
strongscale_native_np20_10x1x2_N968,20,10x1x2,96,960,480,8,5,495,0.04163056771717165,0.013534864274747475,0.012365045941414242,0.055165431991919124,0.055253505999999675,0.0019399039465717196
strongscale_native_np20_10x1x2_N968,20,10x1x2,96,960,480,9,5,495,0.011684940818181855,0.013573545387878801,0.009079459226262708,0.025258486206060655,0.02533769600000113,2.8949488513264606e-4
strongscale_native_np20_10x1x2_N968,20,10x1x2,96,960,480,10,5,495,0.04129476691313144,0.013535833888888934,0.03969717889696975,0.054830600802020374,0.05351233599999716,0.004274226548597051
strongscale_native_np20_10x1x2_N968,20,10x1x2,96,960,480,11,5,495,0.012047435331313142,0.013514549599999927,0.03792066912929294,0.02556198493131307,0.025374889000000067,7.686679170798305e-4
strongscale_native_np20_10x1x2_N968,20,10x1x2,96,960,480,12,5,495,0.041771423923232257,0.01352814471717176,0.013904358139393981,0.055299568640404015,0.05530452799999708,0.0013780458789806578
strongscale_native_np20_10x1x2_N968,20,10x1x2,96,960,480,13,5,495,0.011569012547474701,0.013543002787878856,0.011363066589899088,0.025112015335353555,0.025019168000001812,3.1023934268747656e-4
strongscale_native_np20_10x1x2_N968,20,10x1x2,96,960,480,14,5,495,0.04209005229898986,0.013513911381818235,0.04834648573333331,0.0556039636808081,0.054451465999999726,0.0037322383868700665
strongscale_native_np20_10x1x2_N968,20,10x1x2,96,960,480,15,5,495,0.012164684749494992,0.013481363127272907,0.03908843080202015,0.0256460478767679,0.025399446000001547,7.935905733843107e-4
strongscale_native_np20_10x1x2_N968,20,10x1x2,96,960,480,16,5,495,0.06303904608888891,0.013518783799999958,0.03385472585252525,0.07655782988888887,0.0743372440000023,0.006956164082592508
strongscale_native_np20_10x1x2_N968,20,10x1x2,96,960,480,17,5,495,0.011830467159596039,0.01360286697777775,0.012709032909090938,0.025433334137373788,0.025437355000001105,1.9735558477643823e-4
strongscale_native_np20_10x1x2_N968,20,10x1x2,96,960,480,18,5,495,0.06322495188888885,0.013556661022222033,0.007934642602020155,0.07678161291111088,0.07149219500000115,0.009946945547097238
strongscale_native_np20_10x1x2_N968,20,10x1x2,96,960,480,19,5,495,0.011648091381818196,0.01357710289696958,0.008768158725252554,0.025225194278787777,0.025201797999997666,3.277705438304733e-4
strongscale_native_np20_10x2x1_N968,20,10x2x1,96,480,960,0,5,495,0.051994789468686915,0.0148503679474747,0.006095220565656661,0.06684515741616162,0.06707954399999849,0.0017868508018963043
strongscale_native_np20_10x2x1_N968,20,10x2x1,96,480,960,1,5,495,0.022355216925252608,0.014779822020201998,0.004257833604040398,0.037135038945454606,0.03706216800000206,4.150629687917889e-4
strongscale_native_np20_10x2x1_N968,20,10x2x1,96,480,960,2,5,495,0.050244017331313076,0.014837543878787872,0.03444197584848486,0.06508156121010095,0.06537032099999962,0.00179214697736574
strongscale_native_np20_10x2x1_N968,20,10x2x1,96,480,960,3,5,495,0.022461322812121244,0.014792545389898966,0.028015843769697013,0.03725386820202021,0.03717088600000018,4.1526241249196974e-4
strongscale_native_np20_10x2x1_N968,20,10x2x1,96,480,960,4,5,495,0.0548730387757575,0.014874095640403836,0.012311166713131354,0.06974713441616134,0.06927967100000387,0.0026353990996413543
strongscale_native_np20_10x2x1_N968,20,10x2x1,96,480,960,5,5,495,0.022436216634343538,0.014874832052525318,0.009332527266666687,0.03731104868686886,0.037300347999998706,5.518799211463965e-4
strongscale_native_np20_10x2x1_N968,20,10x2x1,96,480,960,6,5,495,0.05411493368282828,0.014846479995959606,0.036755934600000054,0.06896141367878789,0.06847763000000029,0.0036173198275205806
strongscale_native_np20_10x2x1_N968,20,10x2x1,96,480,960,7,5,495,0.023486062264646456,0.014871383896969825,0.04103018150303028,0.03835744616161628,0.03804874399999747,0.0010985514376292628
strongscale_native_np20_10x2x1_N968,20,10x2x1,96,480,960,8,5,495,0.05417286745656572,0.014797795909091027,0.011789034832323143,0.06897066336565674,0.06880927100000278,0.002371587777134688
strongscale_native_np20_10x2x1_N968,20,10x2x1,96,480,960,9,5,495,0.02254871793535359,0.014835350402020357,0.00909205878585864,0.03738406833737395,0.03736376699999866,5.073815623584455e-4
strongscale_native_np20_10x2x1_N968,20,10x2x1,96,480,960,10,5,495,0.05414367785858589,0.014844387246464707,0.032462802068686875,0.0689880651050506,0.06861758300000176,0.003602334076272144
strongscale_native_np20_10x2x1_N968,20,10x2x1,96,480,960,11,5,495,0.023313544486868676,0.014795761426262667,0.038855678351515176,0.038109305913131344,0.03788185199999994,9.7759174413194e-4
strongscale_native_np20_10x2x1_N968,20,10x2x1,96,480,960,12,5,495,0.052974271818181845,0.014801863012121176,0.014120290244444472,0.06777613483030302,0.0677344799999986,0.0017597541329809425
strongscale_native_np20_10x2x1_N968,20,10x2x1,96,480,960,13,5,495,0.022465564751515163,0.014857861967676826,0.012447264684848375,0.03732342671919199,0.037300346999998624,4.169767558965365e-4
strongscale_native_np20_10x2x1_N968,20,10x2x1,96,480,960,14,5,495,0.05327364073737365,0.014778375664646418,0.03044418131717186,0.06805201640202006,0.067735196000001,0.0026867756173049504
strongscale_native_np20_10x2x1_N968,20,10x2x1,96,480,960,15,5,495,0.023743761903030233,0.014786712086868787,0.04345236980808083,0.03853047398989902,0.03820514800000119,0.001145469440305875
strongscale_native_np20_10x2x1_N968,20,10x2x1,96,480,960,16,5,495,0.07535352901010095,0.014809812698989875,0.008830856064646514,0.09016334170909082,0.08716607099999862,0.006843936007520388
strongscale_native_np20_10x2x1_N968,20,10x2x1,96,480,960,17,5,495,0.02275555834545463,0.014803384042424308,0.012880242955555642,0.037558942387878935,0.03751254099999812,3.98825336588011e-4
strongscale_native_np20_10x2x1_N968,20,10x2x1,96,480,960,18,5,495,0.07464380506060615,0.014765065614141516,0.008176049288889058,0.08940887067474768,0.08357405699999987,0.01060369921186704
strongscale_native_np20_10x2x1_N968,20,10x2x1,96,480,960,19,5,495,0.02267493625858599,0.014842843018181794,0.008861725763636393,0.03751777927676778,0.037520885999999365,5.275900136162577e-4
strongscale_native_np20_1x10x2_N968,20,1x10x2,960,96,480,0,5,495,0.013589760250505116,0.013807127698989915,0.0019706316606060803,0.027396887949495033,0.026916742999999244,0.0015963514392826027
strongscale_native_np20_1x10x2_N968,20,1x10x2,960,96,480,1,5,495,0.012378339602020238,0.013640446143434355,0.0019569368242424246,0.026018785745454593,0.0257296560000011,0.001045915317827047
strongscale_native_np20_1x10x2_N968,20,1x10x2,960,96,480,2,5,495,0.014036769117171702,0.013820860577777776,0.003940393000000032,0.027857629694949478,0.02712631200000004,0.0019526375323734274
strongscale_native_np20_1x10x2_N968,20,1x10x2,960,96,480,3,5,495,0.012275241133333345,0.013737560961616166,0.004008804212121175,0.02601280209494951,0.02550768800000114,0.0014044244611271896
strongscale_native_np20_1x10x2_N968,20,1x10x2,960,96,480,4,5,495,0.01355602190101014,0.01366163213535353,0.004308377854545403,0.02721765403636367,0.026805163000000576,0.001599291989010337
strongscale_native_np20_1x10x2_N968,20,1x10x2,960,96,480,5,5,495,0.012103980953535355,0.013682653951515177,0.004088585789899058,0.02578663490505053,0.025359153000000134,0.0012969414293432758
strongscale_native_np20_1x10x2_N968,20,1x10x2,960,96,480,6,5,495,0.013391298256565666,0.013669561163636379,0.004209985636363666,0.027060859420202046,0.026528835000000583,0.0017405178765696053
strongscale_native_np20_1x10x2_N968,20,1x10x2,960,96,480,7,5,495,0.012058377947474773,0.01366474217373734,0.0041914231858585695,0.025723120121212112,0.0254492759999998,0.0011281019582489356
strongscale_native_np20_1x10x2_N968,20,1x10x2,960,96,480,8,5,495,0.01329627520202017,0.013593350977777786,0.004284495078787888,0.026889626179797954,0.026401282000000137,0.0016727291604741819
strongscale_native_np20_1x10x2_N968,20,1x10x2,960,96,480,9,5,495,0.012017410444444467,0.013636744624242471,0.0035527816929293446,0.02565415506868694,0.025336504000000204,0.0013115612026584939
strongscale_native_np20_1x10x2_N968,20,1x10x2,960,96,480,10,5,495,0.013064667654545456,0.013575252385858605,0.004155624282828293,0.026639920040404063,0.026356935000000803,0.0012471628369226107
strongscale_native_np20_1x10x2_N968,20,1x10x2,960,96,480,11,5,495,0.012081506032323252,0.013554512880808084,0.0038665506868687397,0.025636018913131338,0.025372743000000142,0.0011674342797807426
strongscale_native_np20_1x10x2_N968,20,1x10x2,960,96,480,12,5,495,0.013272875965656596,0.013539364379797945,0.00450407424646468,0.02681224034545454,0.026465415000000547,0.0014814854698447782
strongscale_native_np20_1x10x2_N968,20,1x10x2,960,96,480,13,5,495,0.012027803561616162,0.013593783026262622,0.003099764690909108,0.025621586587878786,0.025351525000001374,0.001165496875936437
strongscale_native_np20_1x10x2_N968,20,1x10x2,960,96,480,14,5,495,0.013065546686868696,0.013527934232323244,0.005094645218181811,0.02659348091919194,0.026136875000000614,0.0015083430780797734
strongscale_native_np20_1x10x2_N968,20,1x10x2,960,96,480,15,5,495,0.012045706145454521,0.013546277973737341,0.004099425404040457,0.025591984119191863,0.025350331999998588,0.0011356632934206657
strongscale_native_np20_1x10x2_N968,20,1x10x2,960,96,480,16,5,495,0.01334816762020208,0.013570537981818176,0.005088364957575743,0.026918705602020258,0.0263786320000019,0.0015662636132234323
strongscale_native_np20_1x10x2_N968,20,1x10x2,960,96,480,17,5,495,0.012089513523232313,0.01357323857171717,0.004644621268686891,0.025662752094949483,0.02552866999999992,8.91267943814724e-4
strongscale_native_np20_1x10x2_N968,20,1x10x2,960,96,480,18,5,495,0.013411057585858576,0.013493580757575726,0.002533208488888899,0.0269046383434343,0.02634072299999879,0.0015431938030116266
strongscale_native_np20_1x10x2_N968,20,1x10x2,960,96,480,19,5,495,0.012025553296969716,0.013513616127272754,0.0023421089959596237,0.025539169424242468,0.02534318000000013,9.256893379488827e-4
strongscale_native_np20_1x1x20_N968,20,1x1x20,960,960,48,0,5,495,0.008829202559595973,0.011607623383838424,0.0029163104989899614,0.0204368259434344,0.020128965999999693,0.00207144826817475
strongscale_native_np20_1x1x20_N968,20,1x1x20,960,960,48,1,5,495,0.006757215107070646,0.01141050221414142,0.006057781638383836,0.018167717321212067,0.018351554999998854,0.0013066566692143723
strongscale_native_np20_1x1x20_N968,20,1x1x20,960,960,48,2,5,495,0.006831570347474737,0.01143159674949495,0.0059081732262626155,0.018263167096969686,0.018245457999999104,0.0015338060063369604
strongscale_native_np20_1x1x20_N968,20,1x1x20,960,960,48,3,5,495,0.006928399123232283,0.011428342703030302,0.0071940951757575285,0.018356741826262585,0.018191099000000932,0.0013536268368167241
strongscale_native_np20_1x1x20_N968,20,1x1x20,960,960,48,4,5,495,0.0074885074222222694,0.01128911105252529,0.006735431753535347,0.01877761847474756,0.018415450999999194,0.0018478782792236681
strongscale_native_np20_1x1x20_N968,20,1x1x20,960,960,48,5,5,495,0.007109131965656507,0.011471682347474815,0.006277337242424177,0.018580814313131324,0.018361568999999633,0.0016979901398849761
strongscale_native_np20_1x1x20_N968,20,1x1x20,960,960,48,6,5,495,0.007043626088888902,0.011342601094949454,0.00629521525252529,0.018386227183838356,0.01812911000000028,0.0018932465758231647
strongscale_native_np20_1x1x20_N968,20,1x1x20,960,960,48,7,5,495,0.007151213535353576,0.011482235418181786,0.007357261658585911,0.018633448953535362,0.01835608400000055,0.0017074691379073562
strongscale_native_np20_1x1x20_N968,20,1x1x20,960,960,48,8,5,495,0.0075413048686867965,0.011385777965656565,0.00689626606464647,0.01892708283434336,0.01871538099999981,0.001438072000540385
strongscale_native_np20_1x1x20_N968,20,1x1x20,960,960,48,9,5,495,0.007368308361616163,0.01153789672323234,0.007241855000000071,0.018906205084848502,0.018570423999999974,0.0015801015053217907
strongscale_native_np20_1x1x20_N968,20,1x1x20,960,960,48,10,5,495,0.007162335927272678,0.011496677274747479,0.0069880528545454195,0.018659013202020156,0.018471241000000305,0.001701970259985546
strongscale_native_np20_1x1x20_N968,20,1x1x20,960,960,48,11,5,495,0.006971921357575743,0.011398518646464689,0.008539062533333378,0.018370440004040433,0.01834154099999985,0.0015321298082497236
strongscale_native_np20_1x1x20_N968,20,1x1x20,960,960,48,12,5,495,0.007360677030302998,0.011285441797979807,0.006330234369696944,0.018646118828282807,0.018646716999999313,0.001472288192275429
strongscale_native_np20_1x1x20_N968,20,1x1x20,960,960,48,13,5,495,0.007363501436363582,0.011455525787878798,0.007096863284848483,0.01881902722424238,0.01858687499999867,0.0012044168487098628
strongscale_native_np20_1x1x20_N968,20,1x1x20,960,960,48,14,5,495,0.0065577685050505746,0.011440448565656607,0.007448393434343474,0.017998217070707184,0.018002270999998515,0.0010480143899295664
strongscale_native_np20_1x1x20_N968,20,1x1x20,960,960,48,15,5,495,0.006903462450505039,0.011517673070707042,0.007579803939393964,0.01842113552121208,0.01852393199999902,0.0013116421680816608
strongscale_native_np20_1x1x20_N968,20,1x1x20,960,960,48,16,5,495,0.00962860127878788,0.0113016894141414,0.009437432458585884,0.02093029069292928,0.021052599000000782,0.0013892517328667458
strongscale_native_np20_1x1x20_N968,20,1x1x20,960,960,48,17,5,495,0.009263522218181854,0.011410268133333302,0.013154468147474802,0.020673790351515155,0.020352363999998957,0.0017083892127518591
strongscale_native_np20_1x1x20_N968,20,1x1x20,960,960,48,18,5,495,0.009839652305050541,0.011249838927272706,0.011323010793939381,0.021089491232323246,0.021268128999999192,0.0019012135600310442
strongscale_native_np20_1x1x20_N968,20,1x1x20,960,960,48,19,5,495,0.01265616419191916,0.011554719472727317,0.004615409452525295,0.024210883664646476,0.024148702999999827,0.002630639838295959
strongscale_native_np20_1x20x1_N968,20,1x20x1,960,48,960,0,5,495,0.026898991939394004,0.015112191985858578,0.0024058047818182517,0.04201118392525258,0.04158520800000076,0.001791588337662056
strongscale_native_np20_1x20x1_N968,20,1x20x1,960,48,960,1,5,495,0.025634088892929313,0.014973767604040402,0.005541174800000044,0.04060785649696971,0.04041838700000078,0.0014294454833572445
strongscale_native_np20_1x20x1_N968,20,1x20x1,960,48,960,2,5,495,0.025768682682828333,0.015073847525252487,0.005121399193939413,0.04084253020808082,0.04043841400000048,0.00172382807561456
strongscale_native_np20_1x20x1_N968,20,1x20x1,960,48,960,3,5,495,0.025977036428282824,0.014994171426262646,0.006411320294949425,0.04097120785454547,0.0403652189999999,0.0019150304625239333
strongscale_native_np20_1x20x1_N968,20,1x20x1,960,48,960,4,5,495,0.025920119416161597,0.014993636749494936,0.006229858234343429,0.04091375616565653,0.04077649099999903,0.0015794116681563837
strongscale_native_np20_1x20x1_N968,20,1x20x1,960,48,960,5,5,495,0.02626636437979802,0.01506821028484844,0.0057249801434343635,0.041334574664646455,0.04106307099999995,0.0019248945570037542
strongscale_native_np20_1x20x1_N968,20,1x20x1,960,48,960,6,5,495,0.02630520638181816,0.015032443161616121,0.005571771860606026,0.04133764954343428,0.04123354099999865,0.0017969655887534266
strongscale_native_np20_1x20x1_N968,20,1x20x1,960,48,960,7,5,495,0.026340295331313147,0.015076015931313146,0.006634879840404062,0.04141631126262629,0.04078578899999741,0.002062012045130482
strongscale_native_np20_1x20x1_N968,20,1x20x1,960,48,960,8,5,495,0.02602427412121213,0.01498650494343432,0.006383841438383808,0.04101077906464645,0.04069423600000022,0.0019304365723247438
strongscale_native_np20_1x20x1_N968,20,1x20x1,960,48,960,9,5,495,0.025978520939393884,0.015038846236363639,0.005748279628282839,0.041017367175757526,0.04054903999999482,0.0019203923316881088
strongscale_native_np20_1x20x1_N968,20,1x20x1,960,48,960,10,5,495,0.026155473246464677,0.015017653943434382,0.005461649490909078,0.04117312718989906,0.0408947469999994,0.001778702169682711
strongscale_native_np20_1x20x1_N968,20,1x20x1,960,48,960,11,5,495,0.02625175197777767,0.01499596796969692,0.006693769698989871,0.041247719947474594,0.040830611999997046,0.0021164138779173535
strongscale_native_np20_1x20x1_N968,20,1x20x1,960,48,960,12,5,495,0.025854286993939445,0.01501086892121223,0.005744152838383896,0.04086515591515167,0.040361880999999045,0.0018589109457008075
strongscale_native_np20_1x20x1_N968,20,1x20x1,960,48,960,13,5,495,0.02613397370101012,0.015100069741414111,0.0056083819232323326,0.041234043442424234,0.04091882700000049,0.0019116259064869867
strongscale_native_np20_1x20x1_N968,20,1x20x1,960,48,960,14,5,495,0.025816593262626256,0.015025387874747506,0.005477101406060587,0.040841981137373765,0.04071688600000023,0.0017071168625998057
strongscale_native_np20_1x20x1_N968,20,1x20x1,960,48,960,15,5,495,0.026169178692929243,0.015059464852525248,0.006672971428282874,0.04122864354545449,0.0408773419999946,0.002032690940455763
strongscale_native_np20_1x20x1_N968,20,1x20x1,960,48,960,16,5,495,0.027232131555555542,0.015042782800000064,0.008468287894949446,0.0422749143555556,0.041013479000000075,0.0026719961685323784
strongscale_native_np20_1x20x1_N968,20,1x20x1,960,48,960,17,5,495,0.027779584458585794,0.015009143179797997,0.01011680734343439,0.04278872763838379,0.042606831000004064,0.002281872470295166
strongscale_native_np20_1x20x1_N968,20,1x20x1,960,48,960,18,5,495,0.026445064141414107,0.015005825472727288,0.008987514432323247,0.041450889614141395,0.041192531999998394,0.0017373218856918597
strongscale_native_np20_1x20x1_N968,20,1x20x1,960,48,960,19,5,495,0.02795001768686868,0.015021607836363556,0.004253070048484828,0.042971625523232235,0.04197144499999972,0.003184986121276325
strongscale_native_np20_1x2x10_N968,20,1x2x10,960,480,96,0,5,495,0.0038686723292929858,0.011104522591919167,0.0020597896141414263,0.014973194921212154,0.014475583999999486,0.0010166224716063822
strongscale_native_np20_1x2x10_N968,20,1x2x10,960,480,96,1,5,495,0.004915917507070698,0.0110465343717172,0.004095457987878812,0.0159624518787879,0.01563477499999877,0.001271567760739231
strongscale_native_np20_1x2x10_N968,20,1x2x10,960,480,96,2,5,495,0.004921285096969654,0.01101851367676768,0.00412260064444447,0.015939798773737336,0.015467881999999378,0.0013018661792985242
strongscale_native_np20_1x2x10_N968,20,1x2x10,960,480,96,3,5,495,0.004982130440404019,0.010998540929292889,0.003969872591919218,0.015980671369696907,0.015699149000001356,0.0013153322233403722
strongscale_native_np20_1x2x10_N968,20,1x2x10,960,480,96,4,5,495,0.004830809763636337,0.010934061953535315,0.003684221131313147,0.01576487171717165,0.015327214999999228,0.0012494866589800495
strongscale_native_np20_1x2x10_N968,20,1x2x10,960,480,96,5,5,495,0.004585373020201971,0.010952183686868662,0.0038419949898989684,0.015537556707070634,0.01497268699999843,0.0014024709687567177
strongscale_native_np20_1x2x10_N968,20,1x2x10,960,480,96,6,5,495,0.006448912383838418,0.010938590929292879,0.003195336357575762,0.017387503313131297,0.01698660899999993,0.0016754569949248156
strongscale_native_np20_1x2x10_N968,20,1x2x10,960,480,96,7,5,495,0.004681601171717146,0.010965309234343478,0.0037844961393939756,0.015646910406060626,0.015218257999999096,0.0013125463983947624
strongscale_native_np20_1x2x10_N968,20,1x2x10,960,480,96,8,5,495,0.004531655654545492,0.01091073112121213,0.003973790369696988,0.015442386775757624,0.014944553000001193,0.0012275548461238206
strongscale_native_np20_1x2x10_N968,20,1x2x10,960,480,96,9,5,495,0.005267948571717199,0.011207154775757542,0.0018823301070707162,0.01647510334747474,0.01579332300000047,0.0016054557962334982
strongscale_native_np20_1x2x10_N968,20,1x2x10,960,480,96,10,5,495,0.003920961133333366,0.011084782951515165,0.0018508395515151484,0.01500574408484853,0.014589071000001397,0.0010262316107673992
strongscale_native_np20_1x2x10_N968,20,1x2x10,960,480,96,11,5,495,0.0035651380484848167,0.010918684670707047,0.0034436967737373914,0.014483822719191863,0.014010429999999019,0.0010361662892622576
strongscale_native_np20_1x2x10_N968,20,1x2x10,960,480,96,12,5,495,0.0035618435212121198,0.010929069127272746,0.003913700206060593,0.014490912648484865,0.014010906999999406,0.0010316132534619387
strongscale_native_np20_1x2x10_N968,20,1x2x10,960,480,96,13,5,495,0.00358453424242416,0.010964533787878759,0.003480491737373711,0.01454906803030292,0.014052151999999651,0.001049759558322289
strongscale_native_np20_1x2x10_N968,20,1x2x10,960,480,96,14,5,495,0.0035539569313131486,0.010887455242424265,0.0034994544363636656,0.014441412173737414,0.01399874800000056,9.8564292370413e-4
strongscale_native_np20_1x2x10_N968,20,1x2x10,960,480,96,15,5,495,0.0035234750080808145,0.010831970646464661,0.0042205584363636615,0.014355445654545477,0.014006614999999556,9.162879875471187e-4
strongscale_native_np20_1x2x10_N968,20,1x2x10,960,480,96,16,5,495,0.0035819270505050484,0.010866748440404046,0.005493055709090937,0.014448675490909096,0.014083622999999434,9.408528324460697e-4
strongscale_native_np20_1x2x10_N968,20,1x2x10,960,480,96,17,5,495,0.0036182215696969776,0.010921345818181835,0.004298863741414166,0.014539567387878814,0.014167785000001487,9.281932547671291e-4
strongscale_native_np20_1x2x10_N968,20,1x2x10,960,480,96,18,5,495,0.0035508791858586287,0.010790567197979837,0.004958562171717203,0.014341446383838465,0.013971566999998686,8.999510400917864e-4
strongscale_native_np20_1x2x10_N968,20,1x2x10,960,480,96,19,5,495,0.003672488529292939,0.011126527418181816,0.0024462160626262724,0.014799015947474755,0.014261246000000227,0.0010502818843572486
strongscale_native_np20_1x4x5_N968,20,1x4x5,960,240,192,0,5,495,0.00670687019191922,0.012480229105050556,0.0015213735252525844,0.019187099296969778,0.018461225999999442,0.001900126277561505
strongscale_native_np20_1x4x5_N968,20,1x4x5,960,240,192,1,5,495,0.006087064715151464,0.01232925665454545,0.002520878622222202,0.01841632136969691,0.01770806299999883,0.001491418271850693
strongscale_native_np20_1x4x5_N968,20,1x4x5,960,240,192,2,5,495,0.0061093301575757385,0.01238123480202021,0.0026217426747474726,0.01849056495959595,0.01777291400000003,0.0015409333434297065
strongscale_native_np20_1x4x5_N968,20,1x4x5,960,240,192,3,5,495,0.006050046278787925,0.012338742846464652,0.002646695769696988,0.01838878912525258,0.017602444000001327,0.001567035167264884
strongscale_native_np20_1x4x5_N968,20,1x4x5,960,240,192,4,5,495,0.006330945789899,0.012446054311111125,0.0018738496060606233,0.018777000101010126,0.01780700599999996,0.0018344200309421137
strongscale_native_np20_1x4x5_N968,20,1x4x5,960,240,192,5,5,495,0.005988081038383793,0.012386364385858621,0.0023633672606060657,0.018374445424242415,0.01763629899999941,0.0015393895164374793
strongscale_native_np20_1x4x5_N968,20,1x4x5,960,240,192,6,5,495,0.005363809220202042,0.01223294084242427,0.003286051991919204,0.01759675006262631,0.017027138999999636,0.0011444887372775861
strongscale_native_np20_1x4x5_N968,20,1x4x5,960,240,192,7,5,495,0.005451271783838407,0.012414924551515142,0.0033673931797979775,0.017866196335353548,0.017102002999999755,0.0013499320190486898
strongscale_native_np20_1x4x5_N968,20,1x4x5,960,240,192,8,5,495,0.005396932050505058,0.012292933210101055,0.0036791517151514995,0.017689865260606112,0.016996861000000862,0.0013908440778135065
strongscale_native_np20_1x4x5_N968,20,1x4x5,960,240,192,9,5,495,0.0054279910222222285,0.012332350797979843,0.0022309100787879037,0.017760341820202072,0.01707553900000036,0.001328629113563325
strongscale_native_np20_1x4x5_N968,20,1x4x5,960,240,192,10,5,495,0.005954337345454562,0.012381423559595945,0.0023367111292929245,0.018335760905050506,0.017558336000000452,0.001484918317836451
strongscale_native_np20_1x4x5_N968,20,1x4x5,960,240,192,11,5,495,0.005400694729292937,0.012298286789898999,0.0036393541333333787,0.017698981519191935,0.016974687000001154,0.0013213812223165347
strongscale_native_np20_1x4x5_N968,20,1x4x5,960,240,192,12,5,495,0.005408245656565633,0.012339533688888897,0.003423350765656557,0.01774777934545453,0.016993524000000093,0.0013844557699021632
strongscale_native_np20_1x4x5_N968,20,1x4x5,960,240,192,13,5,495,0.005448653480808061,0.012382887856565702,0.0032084281919191704,0.017831541337373764,0.01711153999999837,0.0013789593865647886
strongscale_native_np20_1x4x5_N968,20,1x4x5,960,240,192,14,5,495,0.005396520735353573,0.012274013375757549,0.0022205492505051115,0.017670534111111122,0.017033339000001035,0.0012372810678647989
strongscale_native_np20_1x4x5_N968,20,1x4x5,960,240,192,15,5,495,0.006095317399999983,0.012404059888888888,0.001739738468686883,0.018499377288888872,0.017587901000000628,0.0016487855617359022
strongscale_native_np20_1x4x5_N968,20,1x4x5,960,240,192,16,5,495,0.005395136961616131,0.012235548042424205,0.003633934535353546,0.017630685004040338,0.017118931000000615,0.0011023362473748695
strongscale_native_np20_1x4x5_N968,20,1x4x5,960,240,192,17,5,495,0.005412505860606035,0.012258049468686895,0.0036549780141414603,0.01767055532929293,0.017097951000000222,0.0011602064281455507
strongscale_native_np20_1x4x5_N968,20,1x4x5,960,240,192,18,5,495,0.0053743314161615935,0.012178306866666657,0.003525620749494919,0.01755263828282825,0.017008782000001332,0.001172982325448289
strongscale_native_np20_1x4x5_N968,20,1x4x5,960,240,192,19,5,495,0.005442958909090898,0.012334434442424307,0.0019913620383838217,0.017777393351515205,0.017031430999999486,0.0013736903010645148
strongscale_native_np20_1x5x4_N968,20,1x5x4,960,192,240,0,5,495,0.007779626179797992,0.012531462583838342,0.0015483210646464686,0.020311088763636336,0.01935982699999883,0.0019345480025206746
strongscale_native_np20_1x5x4_N968,20,1x5x4,960,192,240,1,5,495,0.006931362735353511,0.01234961275757574,0.0023967352848484943,0.019280975492929252,0.01870560600000104,0.001378670718083844
strongscale_native_np20_1x5x4_N968,20,1x5x4,960,192,240,2,5,495,0.006938872668686871,0.012379827391919186,0.002411987797979803,0.019318700060606056,0.018768311000000537,0.001321007112053261
strongscale_native_np20_1x5x4_N968,20,1x5x4,960,192,240,3,5,495,0.0070545157999999455,0.01233781998989902,0.0015753172585858675,0.019392335789898966,0.018694877000001497,0.0014100620736511734
strongscale_native_np20_1x5x4_N968,20,1x5x4,960,192,240,4,5,495,0.0070741528161616,0.012420184218181848,0.002765267301010104,0.01949433703434345,0.018836020999998482,0.0015515969255682663
strongscale_native_np20_1x5x4_N968,20,1x5x4,960,192,240,5,5,495,0.0063626092181818,0.012352742125252636,0.0036021295131313203,0.018715351343434435,0.01817822499999977,0.0011866393135093068
strongscale_native_np20_1x5x4_N968,20,1x5x4,960,192,240,6,5,495,0.006392788159595985,0.012372929139393907,0.003616755882828251,0.018765717298989893,0.018208028000001875,0.0012099376929520797
strongscale_native_np20_1x5x4_N968,20,1x5x4,960,192,240,7,5,495,0.006431139846464603,0.012465714006060662,0.0026596372646464504,0.018896853852525264,0.01826572399999904,0.0012956285388304066
strongscale_native_np20_1x5x4_N968,20,1x5x4,960,192,240,8,5,495,0.007091711527272753,0.012408372129292938,0.0027963932141414497,0.019500083656565692,0.018819569999999786,0.0015529040172865733
strongscale_native_np20_1x5x4_N968,20,1x5x4,960,192,240,9,5,495,0.006404418179798001,0.012409074351515123,0.003647812452525222,0.018813492531313127,0.018256186999998647,0.0012228787729448751
strongscale_native_np20_1x5x4_N968,20,1x5x4,960,192,240,10,5,495,0.0063657775272727875,0.012338394579797936,0.003624564452525199,0.018704172107070722,0.018208025999999933,0.001177614809962669
strongscale_native_np20_1x5x4_N968,20,1x5x4,960,192,240,11,5,495,0.00639464060000001,0.012373483052525218,0.002609013561616112,0.01876812365252523,0.018072128999998327,0.0013486057070215911
strongscale_native_np20_1x5x4_N968,20,1x5x4,960,192,240,12,5,495,0.007038754660606049,0.012417452298989913,0.0028344708565656105,0.019456206959595962,0.018905879000001846,0.0013911403934073233
strongscale_native_np20_1x5x4_N968,20,1x5x4,960,192,240,13,5,495,0.006361688242424233,0.012340720492929272,0.0038755970424242804,0.018702408735353504,0.018165826999998913,0.0011976731488440636
strongscale_native_np20_1x5x4_N968,20,1x5x4,960,192,240,14,5,495,0.006367698343434372,0.012353500735353524,0.003894136426262594,0.018721199078787897,0.018125295999999125,0.0012661018555075612
strongscale_native_np20_1x5x4_N968,20,1x5x4,960,192,240,15,5,495,0.0063543184767676725,0.012302928016161632,0.0026458937575757524,0.018657246492929304,0.018182276999999303,0.0011726927906886306
strongscale_native_np20_1x5x4_N968,20,1x5x4,960,192,240,16,5,495,0.007517951901010113,0.012466088664646489,0.0021596773797979644,0.019984040565656603,0.019104480999999396,0.0017653387988318182
strongscale_native_np20_1x5x4_N968,20,1x5x4,960,192,240,17,5,495,0.0063889907979798,0.012369469470707094,0.00336804149494951,0.018758460268686893,0.018286466000001056,0.0010849880648706439
strongscale_native_np20_1x5x4_N968,20,1x5x4,960,192,240,18,5,495,0.006304318488888844,0.012231299826262629,0.003404664521212158,0.018535618315151475,0.01807427399999817,0.0010871281575889527
strongscale_native_np20_1x5x4_N968,20,1x5x4,960,192,240,19,5,495,0.006320534816161543,0.012223372795959576,0.0021792045616161482,0.01854390761212112,0.018211604000001103,9.048877449347194e-4
strongscale_native_np20_20x1x1_N968,20,20x1x1,48,960,960,0,5,495,0.08293919419595933,0.015029318658585663,0.02339981731313118,0.09796851285454498,0.09867334300000152,0.0042931384235373035
strongscale_native_np20_20x1x1_N968,20,20x1x1,48,960,960,1,5,495,0.07438542244848476,0.014958513145454322,0.02721537485050506,0.08934393559393908,0.08964943799999503,0.0023716646862854537
strongscale_native_np20_20x1x1_N968,20,20x1x1,48,960,960,2,5,495,0.08018833120606077,0.014993492781818215,0.0317923916848484,0.09518182398787897,0.09685802500000307,0.004482578367343502
strongscale_native_np20_20x1x1_N968,20,20x1x1,48,960,960,3,5,495,0.0717025573797981,0.014959540969696929,0.026047918032323168,0.08666209834949502,0.08594560600000989,0.0045931507243672865
strongscale_native_np20_20x1x1_N968,20,20x1x1,48,960,960,4,5,495,0.08245952974141398,0.014980033458585762,0.03816753204444453,0.09743956319999975,0.0980792049999959,0.004377658858849067
strongscale_native_np20_20x1x1_N968,20,20x1x1,48,960,960,5,5,495,0.07570749773737376,0.014985806509090744,0.028776999206060697,0.0906933042464645,0.09005236600000188,0.0036097192324234845
strongscale_native_np20_20x1x1_N968,20,20x1x1,48,960,960,6,5,495,0.08244651638383853,0.014957154395959451,0.03308964063838394,0.09740367077979799,0.097781181000002,0.0057082788313384146
strongscale_native_np20_20x1x1_N968,20,20x1x1,48,960,960,7,5,495,0.07215012878787878,0.015020638272727344,0.028211193389899133,0.08717076706060613,0.08573722900000291,0.006243549636628728
strongscale_native_np20_20x1x1_N968,20,20x1x1,48,960,960,8,5,495,0.08183855093737354,0.014933259551515393,0.037986004959596045,0.09677181048888893,0.09673714600000238,0.0053957245322611685
strongscale_native_np20_20x1x1_N968,20,20x1x1,48,960,960,9,5,495,0.07540452024848478,0.01497541918989883,0.028232536890909075,0.0903799394383836,0.0897390839999943,0.003955150889206308
strongscale_native_np20_20x1x1_N968,20,20x1x1,48,960,960,10,5,495,0.08134093715555558,0.014956054751515159,0.03495763476565632,0.09629699190707074,0.09709358300000304,0.0051386140644608435
strongscale_native_np20_20x1x1_N968,20,20x1x1,48,960,960,11,5,495,0.07065915194747482,0.014948494268686913,0.022182283010100803,0.08560764621616174,0.08503747000001027,0.004179046249863534
strongscale_native_np20_20x1x1_N968,20,20x1x1,48,960,960,12,5,495,0.08268556496767672,0.014908857044444399,0.039559996751514843,0.09759442201212112,0.09819126099999664,0.0032777602535409823
strongscale_native_np20_20x1x1_N968,20,20x1x1,48,960,960,13,5,495,0.07455905761212116,0.014975707680808244,0.03081840215555563,0.0895347652929294,0.08965730800000671,0.0012831655034794118
strongscale_native_np20_20x1x1_N968,20,20x1x1,48,960,960,14,5,495,0.08193441300808085,0.014914923507070759,0.039716978735353764,0.09684933651515161,0.0973885050000014,0.0028716621946776578
strongscale_native_np20_20x1x1_N968,20,20x1x1,48,960,960,15,5,495,0.0704082912848485,0.014919186614141489,0.03172537582424249,0.08532747789898999,0.08545374799999905,0.0016676837903499752
strongscale_native_np20_20x1x1_N968,20,20x1x1,48,960,960,16,5,495,0.13687317881010097,0.014984961232323261,0.055698341311111246,0.15185814004242423,0.14804553900000883,0.009844404140274857
strongscale_native_np20_20x1x1_N968,20,20x1x1,48,960,960,17,5,495,0.11105311086666673,0.014945372222222064,0.07294432419798011,0.1259984830888888,0.11844635000000636,0.01743157767155024
strongscale_native_np20_20x1x1_N968,20,20x1x1,48,960,960,18,5,495,0.12042682677575764,0.014985771858585833,0.07148854609696954,0.1354125986343435,0.1310353269999993,0.015100922069609208
strongscale_native_np20_20x1x1_N968,20,20x1x1,48,960,960,19,5,495,0.1008057926525252,0.014904462953535487,0.022620112517171796,0.11571025560606069,0.11272072799999933,0.005992920837410775
strongscale_native_np20_2x10x1_N968,20,2x10x1,480,96,960,0,5,495,0.028949254482828233,0.014960525961616206,0.0026179540000000304,0.04390978044444444,0.043792962999999574,0.0011739481483146014
strongscale_native_np20_2x10x1_N968,20,2x10x1,480,96,960,1,5,495,0.02447409002020203,0.014939534549494952,0.004814870915151558,0.039413624569696985,0.0391402240000005,0.0014960874298327346
strongscale_native_np20_2x10x1_N968,20,2x10x1,480,96,960,2,5,495,0.024739850177777776,0.0150276198545455,0.005303107391919208,0.039767470032323275,0.03931832299999982,0.0020361435765723908
strongscale_native_np20_2x10x1_N968,20,2x10x1,480,96,960,3,5,495,0.024739731202020186,0.01490868894545454,0.00499408220202023,0.039648420147474724,0.03922534000000155,0.0017558646120241026
strongscale_native_np20_2x10x1_N968,20,2x10x1,480,96,960,4,5,495,0.024174251937373728,0.014965894488888921,0.006925055947474747,0.03914014642626265,0.03881144499999856,0.0014114082113562854
strongscale_native_np20_2x10x1_N968,20,2x10x1,480,96,960,5,5,495,0.025281450977777824,0.014962466054545464,0.004194965765656579,0.04024391703232329,0.03865456499999986,0.003455498158858195
strongscale_native_np20_2x10x1_N968,20,2x10x1,480,96,960,6,5,495,0.025828711195959596,0.01494397056767673,0.004987898274747408,0.040772681763636326,0.040218353000000207,0.0020660614260098937
strongscale_native_np20_2x10x1_N968,20,2x10x1,480,96,960,7,5,495,0.02467417956767679,0.014978482034343453,0.005288627406060537,0.03965266160202024,0.039175271999999595,0.001776246596101497
strongscale_native_np20_2x10x1_N968,20,2x10x1,480,96,960,8,5,495,0.02507785689090902,0.014900420428282843,0.005142529335353496,0.03997827731919186,0.039463996000002055,0.0017030824743049621
strongscale_native_np20_2x10x1_N968,20,2x10x1,480,96,960,9,5,495,0.024565360060606077,0.014928949254545486,0.0033245929676767208,0.03949430931515156,0.03908443499999947,0.0016232053115826002
strongscale_native_np20_2x10x1_N968,20,2x10x1,480,96,960,10,5,495,0.028443270012121196,0.014922442090909073,0.003021233488888857,0.043365712103030266,0.04315900800000172,9.973928729514123e-4
strongscale_native_np20_2x10x1_N968,20,2x10x1,480,96,960,11,5,495,0.02319568241818181,0.014877950313131362,0.00416918190707073,0.03807363273131317,0.03792381299999903,9.44908336340316e-4
strongscale_native_np20_2x10x1_N968,20,2x10x1,480,96,960,12,5,495,0.023344474888888873,0.014915669098989864,0.005391706616161631,0.038260143987878734,0.038096188999999114,0.0011867025394175304
strongscale_native_np20_2x10x1_N968,20,2x10x1,480,96,960,13,5,495,0.023272288460606003,0.01495944419191922,0.0053796662323232596,0.038231732652525226,0.0380275259999987,0.0011076173591459692
strongscale_native_np20_2x10x1_N968,20,2x10x1,480,96,960,14,5,495,0.023249685424242446,0.014916949319191901,0.0053334491494949855,0.03816663474343435,0.037968874000000596,0.0011732585515450702
strongscale_native_np20_2x10x1_N968,20,2x10x1,480,96,960,15,5,495,0.023420540476767667,0.01491556213131307,0.0050676254444444605,0.038336102608080735,0.0381174090000016,0.0012912415054633583
strongscale_native_np20_2x10x1_N968,20,2x10x1,480,96,960,16,5,495,0.023550543149495014,0.014932479759596043,0.0059588740606060465,0.03848302290909106,0.03836369500000103,9.506369971542125e-4
strongscale_native_np20_2x10x1_N968,20,2x10x1,480,96,960,17,5,495,0.023399283658585835,0.014917741640403992,0.006293403775757562,0.038317025298989824,0.03819012700000002,9.564519577543421e-4
strongscale_native_np20_2x10x1_N968,20,2x10x1,480,96,960,18,5,495,0.023279284454545492,0.014852746309090881,0.0067382605737373105,0.038132030763636374,0.03803300799999931,8.888808329520262e-4
strongscale_native_np20_2x10x1_N968,20,2x10x1,480,96,960,19,5,495,0.022869484363636346,0.014903830513131296,0.0036162024747474694,0.03777331487676764,0.03766846700000137,7.289201068523937e-4
strongscale_native_np20_2x1x10_N968,20,2x1x10,480,960,96,0,5,495,0.009175017866666697,0.010847211620202005,0.00320194657575762,0.0200222294868687,0.019814968000000377,9.097552922121513e-4
strongscale_native_np20_2x1x10_N968,20,2x1x10,480,960,96,1,5,495,0.004644115537373693,0.010751676064646493,0.005357364202020232,0.015395791602020188,0.014824152000000979,0.0012493205383316453
strongscale_native_np20_2x1x10_N968,20,2x1x10,480,960,96,2,5,495,0.004729290670707092,0.010770517874747403,0.005784049159596056,0.015499808545454494,0.01502370800000108,0.0014392986907006894
strongscale_native_np20_2x1x10_N968,20,2x1x10,480,960,96,3,5,495,0.00474177414949497,0.010788132016161666,0.005231786993939395,0.015529906165656636,0.014986039000000062,0.0013295841086976208
strongscale_native_np20_2x1x10_N968,20,2x1x10,480,960,96,4,5,495,0.005065692066666687,0.010649136868686916,0.006057150210101063,0.015714828935353604,0.015175103999998996,0.0015018970381920763
strongscale_native_np20_2x1x10_N968,20,2x1x10,480,960,96,5,5,495,0.004990013189899011,0.010695660248484829,0.0048736177232323276,0.01568567343838384,0.015151978000000454,0.0014238141708767225
strongscale_native_np20_2x1x10_N968,20,2x1x10,480,960,96,6,5,495,0.006008754139393996,0.01065700270707071,0.005861580503030278,0.016665756846464704,0.016055822999998526,0.0018293411807959066
strongscale_native_np20_2x1x10_N968,20,2x1x10,480,960,96,7,5,495,0.0052425485898989965,0.0109891640808081,0.006673583119191953,0.016231712670707096,0.015744447999999522,0.001700773081120827
strongscale_native_np20_2x1x10_N968,20,2x1x10,480,960,96,8,5,495,0.0046385981959596225,0.010597103268686837,0.00602502342222217,0.01523570146464646,0.014856338999999608,0.0011421550559057615
strongscale_native_np20_2x1x10_N968,20,2x1x10,480,960,96,9,5,495,0.005414417030302948,0.011152817014141442,0.0028730387494949544,0.01656723404444439,0.016239880999998846,0.0017184298975494467
strongscale_native_np20_2x1x10_N968,20,2x1x10,480,960,96,10,5,495,0.008840365337373682,0.010680445751515206,0.003669141503030284,0.01952081108888889,0.019263029000001097,8.622159859478874e-4
strongscale_native_np20_2x1x10_N968,20,2x1x10,480,960,96,11,5,495,0.003704766060606032,0.010593008761616157,0.004845525743434301,0.014297774822222189,0.014014959000000715,8.013783942000887e-4
strongscale_native_np20_2x1x10_N968,20,2x1x10,480,960,96,12,5,495,0.003723013541414165,0.010556478230303083,0.00617102950909091,0.01427949177171725,0.014041184999999956,7.784149752239298e-4
strongscale_native_np20_2x1x10_N968,20,2x1x10,480,960,96,13,5,495,0.003768655511111032,0.010755539921212082,0.005604176088888853,0.014524195432323113,0.014152766000000483,9.363255339101779e-4
strongscale_native_np20_2x1x10_N968,20,2x1x10,480,960,96,14,5,495,0.003751241323232311,0.010635556094949459,0.005924803345454556,0.014386797418181769,0.014147521000001717,7.674134800832987e-4
strongscale_native_np20_2x1x10_N968,20,2x1x10,480,960,96,15,5,495,0.0037635042040403775,0.010790666898989894,0.006277525070707107,0.014554171103030271,0.013991354999999928,0.001009489041733676
strongscale_native_np20_2x1x10_N968,20,2x1x10,480,960,96,16,5,495,0.0038942881898990245,0.01051951080404034,0.008713838812121268,0.014413798993939365,0.014283181000001477,4.873847892862711e-4
strongscale_native_np20_2x1x10_N968,20,2x1x10,480,960,96,17,5,495,0.00390868333535355,0.010490010482828256,0.00803058940404041,0.014398693818181806,0.014310120999999398,4.681390988190711e-4
strongscale_native_np20_2x1x10_N968,20,2x1x10,480,960,96,18,5,495,0.00387836949898991,0.010472605452525227,0.008040096305050533,0.014350974951515136,0.014265775999998453,4.7072669101493037e-4
strongscale_native_np20_2x1x10_N968,20,2x1x10,480,960,96,19,5,495,0.003822000107070707,0.010523419432323253,0.0038126584424243047,0.01434541953939396,0.014189958999999419,5.640909265122371e-4
strongscale_native_np20_2x2x5_N968,20,2x2x5,480,480,192,0,5,495,0.011107409577777706,0.01207632968282828,0.0027036527111111205,0.023183739260605987,0.02291870100000004,0.0010111079334487487
strongscale_native_np20_2x2x5_N968,20,2x2x5,480,480,192,1,5,495,0.006368583595959584,0.01202580758181827,0.0034069851414141017,0.018394391177777854,0.017704009999999215,0.0014108810841953082
strongscale_native_np20_2x2x5_N968,20,2x2x5,480,480,192,2,5,495,0.006509445656565644,0.012067087741414162,0.0040488994222221695,0.018576533397979805,0.01778554899999918,0.00156955694988098
strongscale_native_np20_2x2x5_N968,20,2x2x5,480,480,192,3,5,495,0.006411468622222229,0.01199680771717172,0.003583898931313119,0.018408276339393948,0.017653703000002352,0.0014249361940973824
strongscale_native_np20_2x2x5_N968,20,2x2x5,480,480,192,4,5,495,0.0061092593313131485,0.011971513191919206,0.0037315436121212295,0.018080772523232355,0.01752448100000059,0.001358473333989266
strongscale_native_np20_2x2x5_N968,20,2x2x5,480,480,192,5,5,495,0.005610479488888883,0.012086876010100996,0.0025363136888888896,0.01769735549898988,0.01728010100000077,0.0011020398722259477
strongscale_native_np20_2x2x5_N968,20,2x2x5,480,480,192,6,5,495,0.005289640321212044,0.01198676713737375,0.003739224533333319,0.017276407458585795,0.016983271000000855,9.2068726860469e-4
strongscale_native_np20_2x2x5_N968,20,2x2x5,480,480,192,7,5,495,0.005296498107070714,0.012041890983838437,0.003942906773737367,0.01733838909090915,0.01707053199999997,9.520361470676869e-4
strongscale_native_np20_2x2x5_N968,20,2x2x5,480,480,192,8,5,495,0.005297393507070676,0.011922291567676758,0.0035549216848484726,0.017219685074747432,0.017055035000000274,7.423379797790385e-4
strongscale_native_np20_2x2x5_N968,20,2x2x5,480,480,192,9,5,495,0.005308873727272748,0.01205286641010104,0.002721429113131343,0.017361740137373786,0.017086266999999822,9.248070283450734e-4
strongscale_native_np20_2x2x5_N968,20,2x2x5,480,480,192,10,5,495,0.011058330058585865,0.012010149028282827,0.0026724786444444473,0.023068479086868692,0.02281308200000076,9.866797234965126e-4
strongscale_native_np20_2x2x5_N968,20,2x2x5,480,480,192,11,5,495,0.005403776367676725,0.012004727511111115,0.003531713197979804,0.01740850387878784,0.01706671700000051,0.00098888351431117511
strongscale_native_np20_2x2x5_N968,20,2x2x5,480,480,192,12,5,495,0.005382634191919177,0.011968339608080764,0.003931942355555559,0.01735097379999994,0.017069577999999197,8.840259055725536e-4
strongscale_native_np20_2x2x5_N968,20,2x2x5,480,480,192,13,5,495,0.0054052415373737495,0.012027921096969754,0.003465204541414169,0.017433162634343503,0.017117738999999688,9.034548415687789e-4
strongscale_native_np20_2x2x5_N968,20,2x2x5,480,480,192,14,5,495,0.005360608618181793,0.011910595078787896,0.0029317629434343732,0.01727120369696969,0.017103195999998988,7.123560396080949e-4
strongscale_native_np20_2x2x5_N968,20,2x2x5,480,480,192,15,5,495,0.005335234157575735,0.012027328187878774,0.002870189301010116,0.01736256234545451,0.016965389999999303,0.0010502348787143712
strongscale_native_np20_2x2x5_N968,20,2x2x5,480,480,192,16,5,495,0.0052395382141413776,0.011867903236363666,0.006270315674747481,0.017107441450505044,0.017020703000000026,4.839186218253513e-4
strongscale_native_np20_2x2x5_N968,20,2x2x5,480,480,192,17,5,495,0.005230809177777809,0.011887591781818233,0.004817751208080788,0.01711840095959604,0.016980887000000777,6.084822087695316e-4
strongscale_native_np20_2x2x5_N968,20,2x2x5,480,480,192,18,5,495,0.005200806531313169,0.011786792248484865,0.004789578787878738,0.016987598779798035,0.01693940200000199,3.909979073475625e-4
strongscale_native_np20_2x2x5_N968,20,2x2x5,480,480,192,19,5,495,0.005212561309090911,0.011866402377777755,0.003883551105050516,0.017078963686868665,0.01701045100000087,5.339438305188861e-4
strongscale_native_np20_2x5x2_N968,20,2x5x2,480,192,480,0,5,495,0.017777422682828233,0.014178653224242414,0.002760118923232316,0.03195607590707065,0.03178882599999966,8.182705441133075e-4
strongscale_native_np20_2x5x2_N968,20,2x5x2,480,192,480,1,5,495,0.012350568858585872,0.014248604723232342,0.0024924755212120822,0.026599173581818215,0.02619528800000026,0.0013247970271100641
strongscale_native_np20_2x5x2_N968,20,2x5x2,480,192,480,2,5,495,0.013114424426262657,0.01423679554949497,0.0038503940383838,0.027351219975757627,0.02670478799999998,0.0016782343901782114
strongscale_native_np20_2x5x2_N968,20,2x5x2,480,192,480,3,5,495,0.012030522983838382,0.01419290245454542,0.003841299973737422,0.026223425438383803,0.02593850999999958,0.0011671366623281529
strongscale_native_np20_2x5x2_N968,20,2x5x2,480,192,480,4,5,495,0.013100670305050447,0.014231064341414154,0.0036329202161616047,0.0273317346464646,0.026751518000001084,0.0015700748823840884
strongscale_native_np20_2x5x2_N968,20,2x5x2,480,192,480,5,5,495,0.011945952787878793,0.014227935991919185,0.003995708999999935,0.026173888779797976,0.02600383799999939,9.502976367332707e-4
strongscale_native_np20_2x5x2_N968,20,2x5x2,480,192,480,6,5,495,0.013695346953535362,0.014210649913131273,0.003992472771717145,0.027905996866666633,0.02738261200000025,0.0016685825024001064
strongscale_native_np20_2x5x2_N968,20,2x5x2,480,192,480,7,5,495,0.011871974634343375,0.014215789159595925,0.0038283940464645624,0.0260877637939393,0.025933265999999122,8.904723952111195e-4
strongscale_native_np20_2x5x2_N968,20,2x5x2,480,192,480,8,5,495,0.012978962703030313,0.014137947183838359,0.0031671928787878985,0.027116909886868674,0.026782513000000563,0.0014146352104109007
strongscale_native_np20_2x5x2_N968,20,2x5x2,480,192,480,9,5,495,0.011837913038383868,0.014176146202020207,0.002750934236363637,0.026014059240404074,0.025834321999999688,9.53888454513261e-4
strongscale_native_np20_2x5x2_N968,20,2x5x2,480,192,480,10,5,495,0.017736039002020202,0.01415129525050508,0.0029676326707070632,0.03188733425252528,0.03181195200000175,7.931362915840804e-4
strongscale_native_np20_2x5x2_N968,20,2x5x2,480,192,480,11,5,495,0.01189479729090912,0.014117874779797947,0.0030389077676767668,0.026012672070707066,0.025793313999999512,0.001026557826069151
strongscale_native_np20_2x5x2_N968,20,2x5x2,480,192,480,12,5,495,0.011962518773737331,0.01416020873737372,0.003860677399999995,0.02612272751111105,0.02595257800000006,8.78270524550399e-4
strongscale_native_np20_2x5x2_N968,20,2x5x2,480,192,480,13,5,495,0.011831401569696934,0.014209217991919177,0.0035438528161616657,0.02604061956161611,0.02583861300000123,9.665908030855779e-4
strongscale_native_np20_2x5x2_N968,20,2x5x2,480,192,480,14,5,495,0.011998188133333277,0.0141953174343434,0.0038748336323232452,0.026193505567676675,0.026028871000001175,9.057746549777677e-4
strongscale_native_np20_2x5x2_N968,20,2x5x2,480,192,480,15,5,495,0.011872915301010076,0.014124088571717146,0.0037250138141414783,0.02599700387272722,0.025838852000001467,9.048548318086989e-4
strongscale_native_np20_2x5x2_N968,20,2x5x2,480,192,480,16,5,495,0.012084431123232315,0.014135693565656577,0.004474626907070731,0.02622012468888889,0.026114226000000684,6.47753020319959e-4
strongscale_native_np20_2x5x2_N968,20,2x5x2,480,192,480,17,5,495,0.011892256579797977,0.014125958351515117,0.004463069587878766,0.026018214931313094,0.02596950499999906,5.847535266421055e-4
strongscale_native_np20_2x5x2_N968,20,2x5x2,480,192,480,18,5,495,0.01189600913737375,0.014028254921212142,0.003120752284848484,0.025924264058585892,0.02579569799999959,6.754355856573687e-4
strongscale_native_np20_2x5x2_N968,20,2x5x2,480,192,480,19,5,495,0.0117238931171717,0.014088801175757594,0.002842278905050496,0.025812694292929296,0.02569270100000054,6.596057355683781e-4
strongscale_native_np20_4x1x5_N968,20,4x1x5,240,960,192,0,5,495,0.017775275977777776,0.011711820949494894,0.004031113458585848,0.029487096927272673,0.028945924000002066,0.0016067567206594481
strongscale_native_np20_4x1x5_N968,20,4x1x5,240,960,192,1,5,495,0.006191358686868635,0.011614875143434374,0.003809970294949451,0.017806233830303008,0.017059324999998182,0.0016783971098639449
strongscale_native_np20_4x1x5_N968,20,4x1x5,240,960,192,2,5,495,0.006751248795959589,0.011585550620201931,0.003842216527272671,0.01833679941616152,0.017272711000000385,0.002153954267101619
strongscale_native_np20_4x1x5_N968,20,4x1x5,240,960,192,3,5,495,0.006978636543434298,0.011774656024242438,0.0052097840909089985,0.018753292567676737,0.017527102999999045,0.002451911888033932
strongscale_native_np20_4x1x5_N968,20,4x1x5,240,960,192,4,5,495,0.007296208668686913,0.01170555123030306,0.006292794925252486,0.019001759898989973,0.01740861000000038,0.003146637217597445
strongscale_native_np20_4x1x5_N968,20,4x1x5,240,960,192,5,5,495,0.015501735210101052,0.011520581779797956,0.012633117022222147,0.027022316989899008,0.02685689900000021,9.719160437982806e-4
strongscale_native_np20_4x1x5_N968,20,4x1x5,240,960,192,6,5,495,0.005500655236363588,0.011446967282828362,0.008068061119191927,0.01694762251919195,0.016849757000002796,4.4184452515766664e-4
strongscale_native_np20_4x1x5_N968,20,4x1x5,240,960,192,7,5,495,0.005468538062626268,0.011470839969696943,0.010739751274747487,0.01693937803232321,0.01685166400000071,4.536752573120066e-4
strongscale_native_np20_4x1x5_N968,20,4x1x5,240,960,192,8,5,495,0.005476314844444431,0.011369817404040345,0.018576758810101027,0.016846132248484778,0.01679754200000083,3.420323014879251e-4
strongscale_native_np20_4x1x5_N968,20,4x1x5,240,960,192,9,5,495,0.00549021252323234,0.01151312867070702,0.006841244854545443,0.01700334119393936,0.016841411999999778,5.022089221001893e-4
strongscale_native_np20_4x1x5_N968,20,4x1x5,240,960,192,10,5,495,0.017424579571717152,0.011500802191919153,0.012892930163636313,0.028925381763636304,0.02863645400000081,0.0016983937421263897
strongscale_native_np20_4x1x5_N968,20,4x1x5,240,960,192,11,5,495,0.005476183838383824,0.011411244440404077,0.016007441696969726,0.016887428278787902,0.01676917099999997,5.611320970789085e-4
strongscale_native_np20_4x1x5_N968,20,4x1x5,240,960,192,12,5,495,0.005453856791919237,0.011413924858585835,0.011986238771717174,0.016867781650505072,0.01679754200000083,4.7119105825679347e-4
strongscale_native_np20_4x1x5_N968,20,4x1x5,240,960,192,13,5,495,0.005457038098989817,0.011446423024242494,0.00763983245454547,0.01690346112323231,0.0168280600000017,4.2311786578385187e-4
strongscale_native_np20_4x1x5_N968,20,4x1x5,240,960,192,14,5,495,0.005547677642424193,0.01142173004646469,0.00681539061818185,0.016969407688888882,0.016824246000000542,5.836072830712241e-4
strongscale_native_np20_4x1x5_N968,20,4x1x5,240,960,192,15,5,495,0.01599904746060606,0.011668481743434374,0.01284842971717172,0.027667529204040434,0.02709722499999856,0.0018036481252908891
strongscale_native_np20_4x1x5_N968,20,4x1x5,240,960,192,16,5,495,0.00556410730303036,0.01146088369090917,0.0060234300848483625,0.01702499099393953,0.01693654000000322,4.6147696217771657e-4
strongscale_native_np20_4x1x5_N968,20,4x1x5,240,960,192,17,5,495,0.00556381060808082,0.011420666577777775,0.006486817595959543,0.016984477185858594,0.01690793100000043,4.0043287376518384e-4
strongscale_native_np20_4x1x5_N968,20,4x1x5,240,960,192,18,5,495,0.005645682581818168,0.011414569800000026,0.006490156375757596,0.017060252381818193,0.016933917999999437,4.0385168878939135e-4
strongscale_native_np20_4x1x5_N968,20,4x1x5,240,960,192,19,5,495,0.0055151361535352855,0.011418812179798024,0.004549092492929372,0.01693394833333331,0.016866921999998397,3.2388155472345026e-4
strongscale_native_np20_4x5x1_N968,20,4x5x1,240,192,960,0,5,495,0.03576689536363634,0.014764779020201997,0.0031879141050505876,0.05053167438383834,0.04991984199999777,0.002048215627848308
strongscale_native_np20_4x5x1_N968,20,4x5x1,240,192,960,1,5,495,0.024635565856565657,0.014667749389899025,0.0038789329999999998,0.03930331524646468,0.03834199899999646,0.0025949321864743528
strongscale_native_np20_4x5x1_N968,20,4x5x1,240,192,960,2,5,495,0.02611904771717166,0.014740869749494886,0.0038541211272727425,0.04085991746666654,0.039256811999997865,0.0031725236229595967
strongscale_native_np20_4x5x1_N968,20,4x5x1,240,192,960,3,5,495,0.026363247060606075,0.014631463064646442,0.00390778504444426,0.04099471012525252,0.03958368400000012,0.0032433400027971097
strongscale_native_np20_4x5x1_N968,20,4x5x1,240,192,960,4,5,495,0.025643811072727375,0.014729686232323184,0.004003235317171721,0.040373497305050556,0.03892803199999939,0.003063404367797502
strongscale_native_np20_4x5x1_N968,20,4x5x1,240,192,960,5,5,495,0.033582014985858485,0.014655591983838366,0.00739781685454545,0.048237606969696846,0.04807019300000093,0.0012215615150983174
strongscale_native_np20_4x5x1_N968,20,4x5x1,240,192,960,6,5,495,0.023454535131313105,0.01471285433333337,0.006649164711111131,0.03816738946464648,0.0381739139999997,6.264601702379615e-4
strongscale_native_np20_4x5x1_N968,20,4x5x1,240,192,960,7,5,495,0.023502753444444472,0.014744351133333266,0.006739174735353554,0.03824710457777774,0.038188459000004116,7.434325283013657e-4
strongscale_native_np20_4x5x1_N968,20,4x5x1,240,192,960,8,5,495,0.023420854537373827,0.014680801743434366,0.008602145692929275,0.038101656280808194,0.038116217000000674,5.079633736674753e-4
strongscale_native_np20_4x5x1_N968,20,4x5x1,240,192,960,9,5,495,0.02311791504242424,0.014736392777777775,0.006112323612121152,0.037854307820202014,0.03777050999999787,9.119769423183918e-4
strongscale_native_np20_4x5x1_N968,20,4x5x1,240,192,960,10,5,495,0.03447491666060598,0.014747993848484884,0.008382675890909056,0.04922291050909086,0.04899740199999769,0.0012910504743762767
strongscale_native_np20_4x5x1_N968,20,4x5x1,240,192,960,11,5,495,0.02326319914949498,0.014700854444444529,0.008283550098989907,0.03796405359393951,0.03795766900000075,7.982009294400378e-4
strongscale_native_np20_4x5x1_N968,20,4x5x1,240,192,960,12,5,495,0.023092803103030305,0.014722628070707068,0.007344411135353608,0.037815431173737375,0.03770828200000409,7.042604036341829e-4
strongscale_native_np20_4x5x1_N968,20,4x5x1,240,192,960,13,5,495,0.023317564383838255,0.014722518735353497,0.006725009288888932,0.038040083119191756,0.03804111300000024,7.051922235215419e-4
strongscale_native_np20_4x5x1_N968,20,4x5x1,240,192,960,14,5,495,0.023427848610100957,0.014675292117171711,0.005655292547474787,0.038103140727272666,0.038073061999998714,7.652230299087517e-4
strongscale_native_np20_4x5x1_N968,20,4x5x1,240,192,960,15,5,495,0.03360792893737387,0.0147124410868687,0.009607946973737522,0.04832037002424257,0.04782748200000242,0.0019258590217812253
strongscale_native_np20_4x5x1_N968,20,4x5x1,240,192,960,16,5,495,0.02364396470505056,0.014683148830302965,0.005776983808080771,0.03832711353535353,0.03831315000000046,6.466397161653225e-4
strongscale_native_np20_4x5x1_N968,20,4x5x1,240,192,960,17,5,495,0.023593716185858607,0.014701698264646448,0.005405796896969718,0.03829541445050506,0.03829598499999953,5.369458119326863e-4
strongscale_native_np20_4x5x1_N968,20,4x5x1,240,192,960,18,5,495,0.02327792715353538,0.0147020392929293,0.005487898119191836,0.03797996644646468,0.037934303000000114,6.336397178687402e-4
strongscale_native_np20_4x5x1_N968,20,4x5x1,240,192,960,19,5,495,0.02327935331111113,0.014716348749494994,0.0041298273797979075,0.037995702060606124,0.037923813000000806,6.62251152549511e-4
strongscale_native_np20_5x1x4_N968,20,5x1x4,192,960,240,0,5,495,0.022583887791919176,0.01156295043636363,0.003683556472727315,0.0341468382282828,0.03374266599999842,0.002064791892826262
strongscale_native_np20_5x1x4_N968,20,5x1x4,192,960,240,1,5,495,0.008431002113131292,0.011564095799999967,0.0048358339272726834,0.01999509791313126,0.018478393999998843,0.003012669146224165
strongscale_native_np20_5x1x4_N968,20,5x1x4,192,960,240,2,5,495,0.008331596462626238,0.011532778676767639,0.0038142175292929003,0.019864375139393875,0.018500566999996693,0.002532353537941466
strongscale_native_np20_5x1x4_N968,20,5x1x4,192,960,240,3,5,495,0.007460409692929136,0.01159552130101012,0.002998876567676765,0.019055930993939256,0.0181944360000017,0.0024604225824319606
strongscale_native_np20_5x1x4_N968,20,5x1x4,192,960,240,4,5,495,0.02194041870101016,0.011442194066666717,0.013404145389898923,0.03338261276767687,0.033270597000001345,0.0015114768237162969
strongscale_native_np20_5x1x4_N968,20,5x1x4,192,960,240,5,5,495,0.0064498641090908766,0.011451980791919145,0.013630369901010157,0.01790184490101002,0.017809151999998107,4.3999710736694305e-4
strongscale_native_np20_5x1x4_N968,20,5x1x4,192,960,240,6,5,495,0.006487168189898982,0.01141077197373732,0.01088627901818181,0.0178979401636363,0.017821072999998577,4.228777999228007e-4
strongscale_native_np20_5x1x4_N968,20,5x1x4,192,960,240,7,5,495,0.006517833658585893,0.011457276585858597,0.01049401974949488,0.01797511024444449,0.01780963000000213,5.804988631783635e-4
strongscale_native_np20_5x1x4_N968,20,5x1x4,192,960,240,8,5,495,0.02158954409494955,0.011378361505050463,0.013163849789899078,0.032967905600000014,0.032906530999998296,0.0013188350481012942
strongscale_native_np20_5x1x4_N968,20,5x1x4,192,960,240,9,5,495,0.006416189313131244,0.011414730646464652,0.015081459602020201,0.017830919959595896,0.017772436999997865,3.042978402812309e-4
strongscale_native_np20_5x1x4_N968,20,5x1x4,192,960,240,10,5,495,0.0064636803818181755,0.011387292313131275,0.01008535731313127,0.01785097269494945,0.01781630600000028,1.8961866379807135e-4
strongscale_native_np20_5x1x4_N968,20,5x1x4,192,960,240,11,5,495,0.006481562713131289,0.011388772426262588,0.010303544498989892,0.017870335139393876,0.01771044700000246,6.22390284859692e-4
strongscale_native_np20_5x1x4_N968,20,5x1x4,192,960,240,12,5,495,0.02185141149292941,0.011374048755555538,0.012197787846464591,0.033225460248484946,0.03309440600000002,0.0015132065690117013
strongscale_native_np20_5x1x4_N968,20,5x1x4,192,960,240,13,5,495,0.006447396583838285,0.011437122733333369,0.014060379785858612,0.017884519317171655,0.01780629099999942,3.6852875686429283e-4
strongscale_native_np20_5x1x4_N968,20,5x1x4,192,960,240,14,5,495,0.006473861579797899,0.011407706682828197,0.010885212660606117,0.017881568262626095,0.01778507300000065,4.347944512822896e-4
strongscale_native_np20_5x1x4_N968,20,5x1x4,192,960,240,15,5,495,0.0064189477252525,0.011392194599999926,0.009519760519191936,0.017811142325252428,0.017683266999998892,4.855981004267842e-4
strongscale_native_np20_5x1x4_N968,20,5x1x4,192,960,240,16,5,495,0.031155700381818217,0.011415688214141417,0.006160174446464627,0.04257138859595963,0.04223179899999607,0.002347755145776341
strongscale_native_np20_5x1x4_N968,20,5x1x4,192,960,240,17,5,495,0.006535377892929262,0.011436723957575709,0.008075467012121208,0.01797210185050497,0.0178477749999999,4.0384868154132495e-4
strongscale_native_np20_5x1x4_N968,20,5x1x4,192,960,240,18,5,495,0.006569747272727266,0.011366911557575759,0.006417526852525197,0.017936658830303025,0.017864466000002466,3.232074146359411e-4
strongscale_native_np20_5x1x4_N968,20,5x1x4,192,960,240,19,5,495,0.0064494080141414105,0.011418292014141452,0.005032504208080889,0.017867700028282862,0.017802715999998497,3.520789429501822e-4
strongscale_native_np20_5x2x2_N968,20,5x2x2,192,480,480,0,5,495,0.028014765365656565,0.013835016416161597,0.003159659820201973,0.04184978178181816,0.0414819719999997,0.002003817968068843
strongscale_native_np20_5x2x2_N968,20,5x2x2,192,480,480,1,5,495,0.012524706931313148,0.01390147643636362,0.003657880472727234,0.02642618336767677,0.02550196600000021,0.0019462778835276548
strongscale_native_np20_5x2x2_N968,20,5x2x2,192,480,480,2,5,495,0.01379528530303032,0.013876258480808016,0.0034059881070706223,0.027671543783838334,0.027302026999999285,0.0021449963287352913
strongscale_native_np20_5x2x2_N968,20,5x2x2,192,480,480,3,5,495,0.011619817838383844,0.013739815614141372,0.003313160905050484,0.025359633452525215,0.025259971000000547,8.129716507357613e-4
strongscale_native_np20_5x2x2_N968,20,5x2x2,192,480,480,4,5,495,0.028041642133333388,0.013785347755555602,0.007655289701010105,0.04182698988888899,0.04175663000000007,0.0015546632992351774
strongscale_native_np20_5x2x2_N968,20,5x2x2,192,480,480,5,5,495,0.011697720024242443,0.013764666052525227,0.007924871733333358,0.02546238607676767,0.025437831999999716,4.329267203551889e-4
strongscale_native_np20_5x2x2_N968,20,5x2x2,192,480,480,6,5,495,0.011831846169696947,0.013737157389898922,0.007601394098989952,0.02556900355959587,0.025544166999996065,2.805022388072751e-4
strongscale_native_np20_5x2x2_N968,20,5x2x2,192,480,480,7,5,495,0.011693205494949507,0.013803729614141393,0.006943961345454564,0.025496935109090898,0.025411604999998616,5.662818773201627e-4
strongscale_native_np20_5x2x2_N968,20,5x2x2,192,480,480,8,5,495,0.028532016666666663,0.013721648125252518,0.007430224925252519,0.04225366479191918,0.04180121499999956,0.0024930583848825267
strongscale_native_np20_5x2x2_N968,20,5x2x2,192,480,480,9,5,495,0.01171256605252523,0.013741888656565657,0.007362725527272669,0.025454454709090885,0.025461436000000504,3.9132177764463903e-4
strongscale_native_np20_5x2x2_N968,20,5x2x2,192,480,480,10,5,495,0.011752443135353554,0.013777122579797964,0.007785549989898981,0.02552956571515152,0.025470495000002202,3.4356415597794956e-4
strongscale_native_np20_5x2x2_N968,20,5x2x2,192,480,480,11,5,495,0.01155648519595958,0.013722117727272703,0.0064361620545453635,0.025278602923232283,0.025263787000000093,3.954049992154717e-4
strongscale_native_np20_5x2x2_N968,20,5x2x2,192,480,480,12,5,495,0.027561141474747464,0.01370762286060609,0.00870210568080807,0.04126876433535356,0.041209936999997865,0.0014880922970983766
strongscale_native_np20_5x2x2_N968,20,5x2x2,192,480,480,13,5,495,0.011744219856565681,0.013794793028282811,0.013029815226262592,0.025539012884848493,0.025488376999998508,5.074818989106981e-4
strongscale_native_np20_5x2x2_N968,20,5x2x2,192,480,480,14,5,495,0.011788217977777779,0.01372627874949487,0.008892682604040386,0.02551449672727265,0.02547502600000051,4.3072344197578994e-4
strongscale_native_np20_5x2x2_N968,20,5x2x2,192,480,480,15,5,495,0.011575207072727285,0.013747637202020225,0.006432396969696943,0.02532284427474751,0.025266409000000323,6.24656675040093e-4
strongscale_native_np20_5x2x2_N968,20,5x2x2,192,480,480,16,5,495,0.03751324018181815,0.013798081294949402,0.00475084998383846,0.05131132147676755,0.050138711000002445,0.003464812066019756
strongscale_native_np20_5x2x2_N968,20,5x2x2,192,480,480,17,5,495,0.011752312115151478,0.013786029818181852,0.005167029597979823,0.02553834193333333,0.025532006000002383,4.2487881325035856e-4
strongscale_native_np20_5x2x2_N968,20,5x2x2,192,480,480,18,5,495,0.0119119861131313,0.013673565153535319,0.004617263309091036,0.02558555126666662,0.025547027999998306,3.2122454537707927e-4
strongscale_native_np20_5x2x2_N968,20,5x2x2,192,480,480,19,5,495,0.011544891793939352,0.01375354755757584,0.0050539170868686666,0.02529843935151519,0.025251150000000777,4.480797647807834e-4
strongscale_native_np20_5x4x1_N968,20,5x4x1,192,240,960,0,5,495,0.040256046527272785,0.014872530218181752,0.003009463812121164,0.05512857674545454,0.05434775399999836,0.002463902450645009
strongscale_native_np20_5x4x1_N968,20,5x4x1,192,240,960,1,5,495,0.025304791882828227,0.014750500414141427,0.0036936451535353313,0.040055292296969656,0.038647888999999935,0.00288015723398168
strongscale_native_np20_5x4x1_N968,20,5x4x1,192,240,960,2,5,495,0.02725184278787883,0.014835965058585941,0.0037003463898991067,0.04208780784646477,0.04202556600000129,0.003312187821926535
strongscale_native_np20_5x4x1_N968,20,5x4x1,192,240,960,3,5,495,0.025808709628282835,0.014804376711111221,0.002902636836363546,0.040613086339394054,0.03893876100000071,0.003465676913222637
strongscale_native_np20_5x4x1_N968,20,5x4x1,192,240,960,4,5,495,0.038975665054545514,0.01483201691515153,0.007686352977777837,0.05380768196969704,0.05345702199999991,0.0018094904914898872
strongscale_native_np20_5x4x1_N968,20,5x4x1,192,240,960,5,5,495,0.02317258998787872,0.01481201190909087,0.008346822034343419,0.03798460189696959,0.03801417300000409,7.018090830031411e-4
strongscale_native_np20_5x4x1_N968,20,5x4x1,192,240,960,6,5,495,0.023615361208080707,0.014784237339393961,0.007204625123232373,0.03839959854747467,0.038373469999996246,4.751444221998899e-4
strongscale_native_np20_5x4x1_N968,20,5x4x1,192,240,960,7,5,495,0.02333746387474748,0.014860002436363592,0.007565210317171705,0.03819746631111107,0.03809666699999781,8.932982741377262e-4
strongscale_native_np20_5x4x1_N968,20,5x4x1,192,240,960,8,5,495,0.038181131503030256,0.01475548938787883,0.008120344602020263,0.052936620890909086,0.052863121000001456,0.0012377878972298557
strongscale_native_np20_5x4x1_N968,20,5x4x1,192,240,960,9,5,495,0.023144752816161608,0.014811615521212046,0.008991317058585902,0.037956368337373654,0.037982702000000756,6.275821447391959e-4
strongscale_native_np20_5x4x1_N968,20,5x4x1,192,240,960,10,5,495,0.02310364554545451,0.014841614822222278,0.0074347679030302765,0.037945260367676786,0.03787326700000193,5.347886831052407e-4
strongscale_native_np20_5x4x1_N968,20,5x4x1,192,240,960,11,5,495,0.02332451176363648,0.014734635688888846,0.007356691854545469,0.038059147452525324,0.03796124500000175,7.4689398393184e-4
strongscale_native_np20_5x4x1_N968,20,5x4x1,192,240,960,12,5,495,0.03841742364242425,0.014771724480808063,0.007803956917171692,0.05318914812323232,0.05310249299999903,0.001271907978506625
strongscale_native_np20_5x4x1_N968,20,5x4x1,192,240,960,13,5,495,0.023293907969696857,0.01478759302626262,0.009120489365656567,0.03808150099595948,0.03811860000000067,5.678933936542626e-4
strongscale_native_np20_5x4x1_N968,20,5x4x1,192,240,960,14,5,495,0.02329517566262614,0.014753602214141378,0.007759894737373753,0.03804877787676752,0.0380587580000018,6.570876455828377e-4
strongscale_native_np20_5x4x1_N968,20,5x4x1,192,240,960,15,5,495,0.023140315814141388,0.014788706113131357,0.007828768797979837,0.037929021927272745,0.03784346599999999,7.290595617779908e-4
strongscale_native_np20_5x4x1_N968,20,5x4x1,192,240,960,16,5,495,0.04830707975959606,0.014802740579797876,0.005141615606060642,0.06310982033939394,0.06229925099999889,0.0029760693633579635
strongscale_native_np20_5x4x1_N968,20,5x4x1,192,240,960,17,5,495,0.02301511424444444,0.014831398939394074,0.0063054152262625816,0.03784651318383851,0.03769779199999945,6.47407848423047e-4
strongscale_native_np20_5x4x1_N968,20,5x4x1,192,240,960,18,5,495,0.02320904105454546,0.014793567965656618,0.006051587577777795,0.038002609020202076,0.03788209000000009,8.237868461135337e-4
strongscale_native_np20_5x4x1_N968,20,5x4x1,192,240,960,19,5,495,0.02333973152121214,0.014807630307070585,0.004812303189898787,0.038147361828282725,0.038118363000002375,7.141201654224333e-4
strongscale_native_np24_12x1x2_N968,24,12x1x2,80,960,480,0,5,495,0.04165719591313125,0.010578794690909136,0.005611402812121155,0.05223599060404039,0.052418708999997676,0.00193018762115628
strongscale_native_np24_12x1x2_N968,24,12x1x2,80,960,480,1,5,495,0.013347955696969638,0.011798814309090855,0.004260259642424237,0.02514677000606049,0.02525448899999816,0.001267498050779466
strongscale_native_np24_12x1x2_N968,24,12x1x2,80,960,480,2,5,495,0.04016236097373738,0.010554414309090888,0.017780063585858565,0.050716775282828266,0.05099844999999803,0.0017725749774022313
strongscale_native_np24_12x1x2_N968,24,12x1x2,80,960,480,3,5,495,0.012105439921212111,0.010499277020201888,0.013637864929293019,0.022604716941414,0.02262926100000584,2.529896191547182e-4
strongscale_native_np24_12x1x2_N968,24,12x1x2,80,960,480,4,5,495,0.042061798002020284,0.010561577496969766,0.012237323428282942,0.05262337549899005,0.052645921999999956,0.0024840019166756824
strongscale_native_np24_12x1x2_N968,24,12x1x2,80,960,480,5,5,495,0.011769962317171742,0.010561823606060615,0.009380685925252392,0.022331785923232355,0.02237844399999922,2.812277550581211e-4
strongscale_native_np24_12x1x2_N968,24,12x1x2,80,960,480,6,5,495,0.040838421733333304,0.010521138793939297,0.042711441892929324,0.0513595605272726,0.05074787099999867,0.003056507653589061
strongscale_native_np24_12x1x2_N968,24,12x1x2,80,960,480,7,5,495,0.012363010933333252,0.010578028381818174,0.032596219202020285,0.022941039315151426,0.022706031999998544,7.611448406435248e-4
strongscale_native_np24_12x1x2_N968,24,12x1x2,80,960,480,8,5,495,0.042411137098989825,0.010560540955555383,0.011709878395959574,0.05297167805454521,0.053091287000000875,0.0018511116094734284
strongscale_native_np24_12x1x2_N968,24,12x1x2,80,960,480,9,5,495,0.011738287802020237,0.010568934266666712,0.008710653101010067,0.02230722206868695,0.022291183000000103,2.192656965041772e-4
strongscale_native_np24_12x1x2_N968,24,12x1x2,80,960,480,10,5,495,0.040942366913131245,0.010530355270707023,0.041201477830303077,0.05147272218383827,0.05103874199999581,0.0025388110873986926
strongscale_native_np24_12x1x2_N968,24,12x1x2,80,960,480,11,5,495,0.012019458909090919,0.010518376010100956,0.02883980397171704,0.022537834919191875,0.022430897000003114,5.145519884066057e-4
strongscale_native_np24_12x1x2_N968,24,12x1x2,80,960,480,12,5,495,0.04131687286868688,0.010516071327272801,0.011786963262626121,0.05183294419595968,0.05219268899999996,0.0021480129963675643
strongscale_native_np24_12x1x2_N968,24,12x1x2,80,960,480,13,5,495,0.011860123525252647,0.010563644244444488,0.008207407876767728,0.022423767769697137,0.022418497999993292,2.3547861262415245e-4
strongscale_native_np24_12x1x2_N968,24,12x1x2,80,960,480,14,5,495,0.040112813282828265,0.010522096311111055,0.039083077711111185,0.05063490959393932,0.0504364970000033,0.0027163590916368676
strongscale_native_np24_12x1x2_N968,24,12x1x2,80,960,480,15,5,495,0.011973307343434478,0.010536581569696883,0.027034056791919253,0.02250988891313136,0.022399425999999778,5.898703258278641e-4
strongscale_native_np24_12x1x2_N968,24,12x1x2,80,960,480,16,5,495,0.04107070498181821,0.010553627301010123,0.011858678090909062,0.05162433228282833,0.05238580700000384,0.0020496917285738143
strongscale_native_np24_12x1x2_N968,24,12x1x2,80,960,480,17,5,495,0.011835384834343377,0.010522563086868688,0.00781121155555567,0.022357947921212065,0.02237939899999475,2.2782433088223343e-4
strongscale_native_np24_12x1x2_N968,24,12x1x2,80,960,480,18,5,495,0.03999785992323232,0.010510095480808026,0.04491660909494935,0.05050795540404034,0.050364255999998164,0.0018937774929252862
strongscale_native_np24_12x1x2_N968,24,12x1x2,80,960,480,19,5,495,0.011850124901010109,0.010527178256565671,0.01844357049090903,0.02237730315757578,0.02237749200000394,2.613232566104545e-4
strongscale_native_np24_12x1x2_N968,24,12x1x2,80,960,480,20,5,495,0.07341332629292935,0.010574961664646363,0.015500697680808102,0.08398828795757571,0.08495497700000243,0.007947973179333039
strongscale_native_np24_12x1x2_N968,24,12x1x2,80,960,480,21,5,495,0.011914370789899022,0.010583741725252532,0.013172735832323262,0.022498112515151554,0.022482871999999432,1.7227598878223816e-4
strongscale_native_np24_12x1x2_N968,24,12x1x2,80,960,480,22,5,495,0.07561059915757563,0.010601640484848556,0.007347666111111224,0.0862122396424242,0.08485293300000052,0.006974779405384996
strongscale_native_np24_12x1x2_N968,24,12x1x2,80,960,480,23,5,495,0.011945652242424219,0.010623900575757617,0.008726820311111194,0.022569552818181834,0.02255177400000008,3.2082472069345185e-4
strongscale_native_np24_12x2x1_N968,24,12x2x1,80,480,960,0,5,495,0.05353467922020214,0.014542169270707204,0.005747766214141307,0.06807684849090935,0.06829929399999912,0.0017989642458978955
strongscale_native_np24_12x2x1_N968,24,12x2x1,80,480,960,1,5,495,0.023595154874747473,0.014489687343434409,0.004253891276767687,0.03808484221818188,0.038202523999999016,4.0771159563983926e-4
strongscale_native_np24_12x2x1_N968,24,12x2x1,80,480,960,2,5,495,0.05185867367676773,0.014543927812121219,0.02219215885656568,0.06640260148888895,0.0665781489999997,0.0020210470961657813
strongscale_native_np24_12x2x1_N968,24,12x2x1,80,480,960,3,5,495,0.023768310842424322,0.014461068901010213,0.020373387753535324,0.03822937974343454,0.03834581300000295,4.68456331628888e-4
strongscale_native_np24_12x2x1_N968,24,12x2x1,80,480,960,4,5,495,0.05365951276767677,0.014623281678787872,0.011419183563636415,0.06828279444646464,0.06804776200000617,0.0021858487963783944
strongscale_native_np24_12x2x1_N968,24,12x2x1,80,480,960,5,5,495,0.02336222575555556,0.014552754569696926,0.008510066016161522,0.037914980325252486,0.0379145150000042,4.123674046418289e-4
strongscale_native_np24_12x2x1_N968,24,12x2x1,80,480,960,6,5,495,0.05271134763030305,0.014540376084848467,0.036669744632323156,0.06725172371515152,0.06626010000000093,0.003456343770317589
strongscale_native_np24_12x2x1_N968,24,12x2x1,80,480,960,7,5,495,0.023988544559595912,0.014567982048484808,0.0426872691838384,0.03855652660808072,0.03835559000000188,8.71606411904697e-4
strongscale_native_np24_12x2x1_N968,24,12x2x1,80,480,960,8,5,495,0.05480440937575754,0.014562447864646652,0.011247390698989902,0.06936685724040419,0.06930637399999995,0.001922330839608487
strongscale_native_np24_12x2x1_N968,24,12x2x1,80,480,960,9,5,495,0.02325764519595962,0.014531464024242357,0.008382106070706965,0.037789109220201976,0.03778862999999433,4.8486315905321714e-4
strongscale_native_np24_12x2x1_N968,24,12x2x1,80,480,960,10,5,495,0.054131251149495026,0.014537029555555567,0.04651708072323239,0.06866828070505059,0.06729126000000107,0.00448851738486334
strongscale_native_np24_12x2x1_N968,24,12x2x1,80,480,960,11,5,495,0.02376412185858576,0.014544647864646404,0.04276828088080806,0.03830876972323216,0.037979363999999904,0.001090092851082118
strongscale_native_np24_12x2x1_N968,24,12x2x1,80,480,960,12,5,495,0.05362012555959598,0.014536787755555591,0.011640344478787977,0.06815691331515157,0.06809282300000064,0.002249111457371802
strongscale_native_np24_12x2x1_N968,24,12x2x1,80,480,960,13,5,495,0.023348599248484862,0.014570478000000052,0.008044492840404175,0.037919077248484916,0.037919284000000886,4.563883470477277e-4
strongscale_native_np24_12x2x1_N968,24,12x2x1,80,480,960,14,5,495,0.05625305803232315,0.01451752399595957,0.036886954545454584,0.07077058202828272,0.069258928,0.005450551082953482
strongscale_native_np24_12x2x1_N968,24,12x2x1,80,480,960,15,5,495,0.023642171018181807,0.014565814179797867,0.04354322076363628,0.038207985197979674,0.03805255900000404,9.295808147542081e-4
strongscale_native_np24_12x2x1_N968,24,12x2x1,80,480,960,16,5,495,0.05323210961818176,0.014482702870707041,0.013603917513131265,0.0677148124888888,0.06771063799999943,0.0020644117802689006
strongscale_native_np24_12x2x1_N968,24,12x2x1,80,480,960,17,5,495,0.023555106816161655,0.014450610264646552,0.010957188571717307,0.03800571708080821,0.03800630500000324,4.291586908818995e-4
strongscale_native_np24_12x2x1_N968,24,12x2x1,80,480,960,18,5,495,0.0519134911818183,0.014470905250505005,0.047645914678787864,0.06638439643232331,0.06599116300000674,0.0027569563694914714
strongscale_native_np24_12x2x1_N968,24,12x2x1,80,480,960,19,5,495,0.024002272165656605,0.014558594165656585,0.04175616898181826,0.03856086633131319,0.03814721000000176,0.0010780829726327506
strongscale_native_np24_12x2x1_N968,24,12x2x1,80,480,960,20,5,495,0.08056289642828271,0.0145363537979798,0.009777061404040437,0.0950992502262625,0.09286522899999028,0.007360222851313144
strongscale_native_np24_12x2x1_N968,24,12x2x1,80,480,960,21,5,495,0.023614617535353526,0.01455901171313129,0.011940151755555425,0.03817362924848482,0.03818678900000094,5.568181709559358e-4
strongscale_native_np24_12x2x1_N968,24,12x2x1,80,480,960,22,5,495,0.09021575042222221,0.014586750682828283,0.0073102035878787755,0.1048025011050505,0.1027278900000006,0.008829494321375543
strongscale_native_np24_12x2x1_N968,24,12x2x1,80,480,960,23,5,495,0.023335977064646497,0.014604478442424235,0.007948433763636447,0.03794045550707074,0.03794622499999889,4.2449195101322177e-4
strongscale_native_np24_1x12x2_N968,24,1x12x2,960,80,480,0,5,495,0.013589153852525305,0.010966813470707094,0.001756157050505053,0.024555967323232397,0.024301528999998823,0.0013187641873936287
strongscale_native_np24_1x12x2_N968,24,1x12x2,960,80,480,1,5,495,0.012003683808080834,0.010952224628282882,0.0016398140727272425,0.022955908436363717,0.022580385999999564,0.0011322814305113203
strongscale_native_np24_1x12x2_N968,24,1x12x2,960,80,480,2,5,495,0.013276856355555521,0.010944646298989877,0.004107143903030245,0.024221502654545396,0.02386665300000068,0.0014159217096448415
strongscale_native_np24_1x12x2_N968,24,1x12x2,960,80,480,3,5,495,0.011764425228282801,0.010912390894949438,0.004244976818181833,0.02267681612323224,0.02233934300000051,0.0010748189080328943
strongscale_native_np24_1x12x2_N968,24,1x12x2,960,80,480,4,5,495,0.013949474644444435,0.010884083163636373,0.0035916781373737244,0.024833557808080806,0.024361371999999548,0.0013626101757700485
strongscale_native_np24_1x12x2_N968,24,1x12x2,960,80,480,5,5,495,0.011741264408080761,0.010901683280808084,0.00381657477777778,0.022642947688888845,0.022407055000000398,9.049749650144205e-4
strongscale_native_np24_1x12x2_N968,24,1x12x2,960,80,480,6,5,495,0.013213787654545447,0.010882278391919204,0.004788427163636346,0.02409606604646465,0.023941040000000413,0.0010967633512353114
strongscale_native_np24_1x12x2_N968,24,1x12x2,960,80,480,7,5,495,0.011765060549494954,0.01094305540808084,0.004590591775757565,0.022708115957575794,0.02245903000000027,9.793224631758225e-4
strongscale_native_np24_1x12x2_N968,24,1x12x2,960,80,480,8,5,495,0.01359231107272729,0.010910378086868717,0.003799999589899019,0.024502689159596008,0.024039269000001084,0.0013815436138450822
strongscale_native_np24_1x12x2_N968,24,1x12x2,960,80,480,9,5,495,0.011760162133333368,0.010939520557575688,0.0041982983050505365,0.022699682690909058,0.022381784000000238,0.0010485233106753663
strongscale_native_np24_1x12x2_N968,24,1x12x2,960,80,480,10,5,495,0.013336151307070722,0.010981878545454522,0.004417882775757669,0.024318029852525246,0.023793220000001725,0.001718451079240197
strongscale_native_np24_1x12x2_N968,24,1x12x2,960,80,480,11,5,495,0.011770562919191943,0.01091608520404045,0.004598870406060621,0.022686648123232393,0.02234101300000013,0.0011250336667324775
strongscale_native_np24_1x12x2_N968,24,1x12x2,960,80,480,12,5,495,0.013912647894949524,0.010835835907070697,0.0033748578424242924,0.02474848380202022,0.024497747000001624,0.0012645559348655945
strongscale_native_np24_1x12x2_N968,24,1x12x2,960,80,480,13,5,495,0.011850565141414124,0.010994520127272698,0.0038721633717171532,0.022845085268686824,0.022475242999998812,0.0012683273987943112
strongscale_native_np24_1x12x2_N968,24,1x12x2,960,80,480,14,5,495,0.013260654977777852,0.010902832038383872,0.004560623751515127,0.024163487016161726,0.023759843000000558,0.001548446030550365
strongscale_native_np24_1x12x2_N968,24,1x12x2,960,80,480,15,5,495,0.011737545567676758,0.010894262436363655,0.004576547711111116,0.022631808004040414,0.022333383000001206,0.001087630390271853
strongscale_native_np24_1x12x2_N968,24,1x12x2,960,80,480,16,5,495,0.01390056658989892,0.01089900234747473,0.0038213315676767653,0.02479956893737365,0.02441048600000073,0.0014693969623429737
strongscale_native_np24_1x12x2_N968,24,1x12x2,960,80,480,17,5,495,0.01169702113333338,0.010880118216161633,0.004214379759595956,0.022577139349495012,0.022318602000000354,0.0010069984888830257
strongscale_native_np24_1x12x2_N968,24,1x12x2,960,80,480,18,5,495,0.013364819810101033,0.010852631179797975,0.004417527345454512,0.024217450989899008,0.02390622999999792,0.001364875125027541
strongscale_native_np24_1x12x2_N968,24,1x12x2,960,80,480,19,5,495,0.011713415181818253,0.010874620117171729,0.004738366020202027,0.02258803529898998,0.02237606000000092,9.577761712889322e-4
strongscale_native_np24_1x12x2_N968,24,1x12x2,960,80,480,20,5,495,0.013617139870707094,0.010872677129292909,0.004828473759595915,0.024489817,0.02442645999999904,0.0011025237696679513
strongscale_native_np24_1x12x2_N968,24,1x12x2,960,80,480,21,5,495,0.011732055680808094,0.010901479513131297,0.0056118594525252615,0.022633535193939392,0.02245211700000027,8.123149934209184e-4
strongscale_native_np24_1x12x2_N968,24,1x12x2,960,80,480,22,5,495,0.014166610905050494,0.010839664111111081,0.0024267283474747516,0.025006275016161577,0.0248234269999994,0.0010542739049809796
strongscale_native_np24_1x12x2_N968,24,1x12x2,960,80,480,23,5,495,0.01167188271717177,0.010853003961616182,0.0024936093090909047,0.022524886678787954,0.022292852999999724,9.134149249927862e-4
strongscale_native_np24_1x1x24_N968,24,1x1x24,960,960,40,0,5,495,0.00625609916565655,0.009183489202020228,0.003660499220202003,0.015439588367676779,0.015471458000002158,8.310761113020145e-4
strongscale_native_np24_1x1x24_N968,24,1x1x24,960,960,40,1,5,495,0.006618735270707035,0.009124129214141354,0.006917404844444435,0.01574286448484839,0.015776157000001234,0.001023648698207308
strongscale_native_np24_1x1x24_N968,24,1x1x24,960,960,40,2,5,495,0.007153260147474776,0.009203742721212127,0.005768098230302968,0.016357002868686903,0.0158822530000009,0.0017595123303059976
strongscale_native_np24_1x1x24_N968,24,1x1x24,960,960,40,3,5,495,0.00710204922424247,0.009145993418181852,0.007115153583838358,0.016248042642424323,0.01595878700000064,0.0016634668989492947
strongscale_native_np24_1x1x24_N968,24,1x1x24,960,960,40,4,5,495,0.0064413653414141184,0.009200375941414153,0.0072142711676767375,0.015641741282828272,0.015747546999998363,8.480322878976891e-4
strongscale_native_np24_1x1x24_N968,24,1x1x24,960,960,40,5,5,495,0.006811646763636363,0.009203564523232267,0.007345895113131288,0.01601521128686863,0.015992403000002042,0.0011495661173931478
strongscale_native_np24_1x1x24_N968,24,1x1x24,960,960,40,6,5,495,0.0072058595919191615,0.009206168311111112,0.006360999983838361,0.01641202790303027,0.016186713999999824,0.0016607400296627744
strongscale_native_np24_1x1x24_N968,24,1x1x24,960,960,40,7,5,495,0.007399895719191963,0.009207351773737426,0.007909748296969716,0.01660724749292939,0.016206502999999373,0.0018663153413824283
strongscale_native_np24_1x1x24_N968,24,1x1x24,960,960,40,8,5,495,0.006358121618181808,0.009202825165656592,0.0070095620707070734,0.015560946783838401,0.015658378999999556,8.860195551038144e-4
strongscale_native_np24_1x1x24_N968,24,1x1x24,960,960,40,9,5,495,0.006795763226262644,0.009247710034343425,0.007136475436363699,0.016043473260606067,0.01597380599999987,0.0013108401566778558
strongscale_native_np24_1x1x24_N968,24,1x1x24,960,960,40,10,5,495,0.007215624163636377,0.009207112862626262,0.006372668519191925,0.01642273702626264,0.016120434000001183,0.001797221718620688
strongscale_native_np24_1x1x24_N968,24,1x1x24,960,960,40,11,5,495,0.007332086074747439,0.00917752102828279,0.007926536783838353,0.01650960710303023,0.01608633999999931,0.0018738077636498444
strongscale_native_np24_1x1x24_N968,24,1x1x24,960,960,40,12,5,495,0.006345280739393945,0.009213476446464676,0.007450962068686874,0.015558757185858621,0.015582084000000052,8.426165307451343e-4
strongscale_native_np24_1x1x24_N968,24,1x1x24,960,960,40,13,5,495,0.006926412298989898,0.00920215811111113,0.007437085119191914,0.016128570410101028,0.01602864200000198,0.0013275414381456099
strongscale_native_np24_1x1x24_N968,24,1x1x24,960,960,40,14,5,495,0.007247710941414198,0.009163615167676813,0.006579355315151485,0.01641132610909101,0.015891076000000837,0.0017837738166632657
strongscale_native_np24_1x1x24_N968,24,1x1x24,960,960,40,15,5,495,0.007451497658585786,0.009178117789898996,0.00787195437777776,0.016629615448484784,0.016103028999999935,0.002044056965757976
strongscale_native_np24_1x1x24_N968,24,1x1x24,960,960,40,16,5,495,0.0064430515898990185,0.009201258343434288,0.006768859535353615,0.015644309933333305,0.015599726999999675,8.236724455966276e-4
strongscale_native_np24_1x1x24_N968,24,1x1x24,960,960,40,17,5,495,0.007096850238383837,0.009204220525252504,0.006451412656565673,0.016301070763636342,0.016173124000001593,0.0011834411649948862
strongscale_native_np24_1x1x24_N968,24,1x1x24,960,960,40,18,5,495,0.006995349480808052,0.009149813389899024,0.007203214317171681,0.016145162870707077,0.015907050000000922,0.0016265375823822528
strongscale_native_np24_1x1x24_N968,24,1x1x24,960,960,40,19,5,495,0.0069354635575757774,0.009195575797979832,0.009122632707070692,0.01613103935555561,0.016146183000000036,0.0016901432833672971
strongscale_native_np24_1x1x24_N968,24,1x1x24,960,960,40,20,5,495,0.007792356284848486,0.009203021727272715,0.010169865870707022,0.016995378012121202,0.016919851999999125,5.684341356039173e-4
strongscale_native_np24_1x1x24_N968,24,1x1x24,960,960,40,21,5,495,0.00947864611111112,0.009208283274747464,0.01197778769898993,0.018686929385858583,0.01889824800000106,0.001022965264577225
strongscale_native_np24_1x1x24_N968,24,1x1x24,960,960,40,22,5,495,0.009542850044444452,0.00912400397373742,0.011715655373737373,0.018666854018181873,0.01912665399999902,0.002762231743125653
strongscale_native_np24_1x1x24_N968,24,1x1x24,960,960,40,23,5,495,0.008796246353535328,0.009176804347474775,0.004787263006060609,0.017973050701010105,0.017509460999999504,0.001748353943248907
strongscale_native_np24_1x24x1_N968,24,1x24x1,960,40,960,0,5,495,0.024846926589899027,0.014793514464646459,0.0032594257252525276,0.039640441054545485,0.03931045599999905,0.001330826721565584
strongscale_native_np24_1x24x1_N968,24,1x24x1,960,40,960,1,5,495,0.02552227637575749,0.014721253397979828,0.0057463284707070985,0.04024352977373732,0.040216446000000516,0.001487263592997184
strongscale_native_np24_1x24x1_N968,24,1x24x1,960,40,960,2,5,495,0.025765896797979783,0.01480015552929295,0.0051874044949495515,0.040566052327272735,0.04049396499999958,0.0018688271407534015
strongscale_native_np24_1x24x1_N968,24,1x24x1,960,40,960,3,5,495,0.025807475066666714,0.014736429369696992,0.006205390670707046,0.04054390443636371,0.04023981100000107,0.0018917876080565812
strongscale_native_np24_1x24x1_N968,24,1x24x1,960,40,960,4,5,495,0.02460455751717171,0.014820220248484896,0.006164861911111101,0.03942477776565661,0.03915691399999943,0.0012054443326611336
strongscale_native_np24_1x24x1_N968,24,1x24x1,960,40,960,5,5,495,0.02581352369292925,0.014778920836363686,0.00609582554747471,0.040592444529292934,0.040346145999999194,0.0016723989611565097
strongscale_native_np24_1x24x1_N968,24,1x24x1,960,40,960,6,5,495,0.026134502020202035,0.0147680412949495,0.005445221696969702,0.040902543315151536,0.04057908100000063,0.0020857609786313434
strongscale_native_np24_1x24x1_N968,24,1x24x1,960,40,960,7,5,495,0.026093179515151527,0.014882070852525268,0.006745606258585858,0.040975250367676797,0.04071855699999816,0.00204497206359612
strongscale_native_np24_1x24x1_N968,24,1x24x1,960,40,960,8,5,495,0.02476078186464649,0.01472169365050503,0.006196679979797951,0.039482475515151515,0.03922057099999954,0.0013956685307313622
strongscale_native_np24_1x24x1_N968,24,1x24x1,960,40,960,9,5,495,0.025833436733333305,0.0148414356909091,0.006089002903030276,0.040674872424242406,0.040458203000000026,0.0018439621187887147
strongscale_native_np24_1x24x1_N968,24,1x24x1,960,40,960,10,5,495,0.0261250669131313,0.014750568311111099,0.005709866337373778,0.040875635224242396,0.04052305300000114,0.0020891354420459114
strongscale_native_np24_1x24x1_N968,24,1x24x1,960,40,960,11,5,495,0.02604428637777778,0.014692747242424213,0.006728007125252495,0.04073703362020199,0.04038572400000007,0.0018487951579154805
strongscale_native_np24_1x24x1_N968,24,1x24x1,960,40,960,12,5,495,0.02469503611313131,0.014710913751515195,0.006508615272727252,0.0394059498646465,0.03916478099999843,0.001217093825412425
strongscale_native_np24_1x24x1_N968,24,1x24x1,960,40,960,13,5,495,0.025988948737373677,0.014780457357575705,0.006241533969696942,0.04076940609494938,0.0406811239999989,0.0016414428229687761
strongscale_native_np24_1x24x1_N968,24,1x24x1,960,40,960,14,5,495,0.02605270907474751,0.014741379824242442,0.0057031477333333936,0.04079408889898995,0.04040122000000146,0.0021184158186376523
strongscale_native_np24_1x24x1_N968,24,1x24x1,960,40,960,15,5,495,0.025988862496969682,0.01478485098787877,0.007083463658585779,0.040773713484848456,0.04056429799999961,0.001960336961826864
strongscale_native_np24_1x24x1_N968,24,1x24x1,960,40,960,16,5,495,0.02479182879191918,0.014783718123232266,0.00607288682020203,0.039575546915151444,0.039395808999998394,0.0013904747747926867
strongscale_native_np24_1x24x1_N968,24,1x24x1,960,40,960,17,5,495,0.02592696180606058,0.014800899698989881,0.005793438531313175,0.040727861505050464,0.04051399199999928,0.0018972525780702957
strongscale_native_np24_1x24x1_N968,24,1x24x1,960,40,960,18,5,495,0.025365414761616186,0.014746355280808076,0.005480604464646497,0.040111770042424263,0.0398647780000001,0.0015386534444165724
strongscale_native_np24_1x24x1_N968,24,1x24x1,960,40,960,19,5,495,0.026242330375757544,0.014789929541414164,0.006804310228282797,0.04103225991717171,0.04063606199999903,0.002262300274377946
strongscale_native_np24_1x24x1_N968,24,1x24x1,960,40,960,20,5,495,0.024869128412121175,0.014830962133333313,0.007730507602020189,0.03970009054545449,0.03929495799999927,0.0015722779321797095
strongscale_native_np24_1x24x1_N968,24,1x24x1,960,40,960,21,5,495,0.02697557775353538,0.014800844290909058,0.008913582547474784,0.04177642204444444,0.04173517299999929,0.0020484457272753197
strongscale_native_np24_1x24x1_N968,24,1x24x1,960,40,960,22,5,495,0.02834138000606062,0.014751961232323167,0.008015328200000012,0.043093341238383785,0.043146371999998934,0.002267649605143779
strongscale_native_np24_1x24x1_N968,24,1x24x1,960,40,960,23,5,495,0.026519878490909074,0.014767191650505008,0.004108377404040398,0.041287070141414084,0.0404660700000008,0.0023892150310013435
strongscale_native_np24_1x2x12_N968,24,1x2x12,960,480,80,0,5,495,0.003672454325252515,0.009732041195959534,0.0017499100101010159,0.013404495521212048,0.013422251000001495,8.741067821610821e-4
strongscale_native_np24_1x2x12_N968,24,1x2x12,960,480,80,1,5,495,0.005845546731313132,0.009236131553535292,0.0030417413555555023,0.015081678284848426,0.015182495999999546,0.00164649783503316
strongscale_native_np24_1x2x12_N968,24,1x2x12,960,480,80,2,5,495,0.004777040856565636,0.009193500375757576,0.0034645687292929675,0.013970541232323214,0.013856410999999014,0.0013942158570783405
strongscale_native_np24_1x2x12_N968,24,1x2x12,960,480,80,3,5,495,0.004386949527272727,0.009189750666666715,0.004209252072727247,0.013576700193939441,0.013044357000000062,0.001232104667082424
strongscale_native_np24_1x2x12_N968,24,1x2x12,960,480,80,4,5,495,0.004808367127272754,0.00922598354747476,0.003948081149494988,0.014034350674747514,0.01367426000000016,0.001431787535924097
strongscale_native_np24_1x2x12_N968,24,1x2x12,960,480,80,5,5,495,0.004450258591919225,0.009269559711111148,0.003516557501010093,0.013719818303030373,0.013193846000000065,0.00123941648018466
strongscale_native_np24_1x2x12_N968,24,1x2x12,960,480,80,6,5,495,0.005043251355555522,0.009168435119191928,0.0035180010101009793,0.014211686474747449,0.013838290999999003,0.0014150446429563764
strongscale_native_np24_1x2x12_N968,24,1x2x12,960,480,80,7,5,495,0.0044210361454545535,0.009197618503030266,0.004173993098989885,0.01361865464848482,0.013119698000000568,0.0010954138658470151
strongscale_native_np24_1x2x12_N968,24,1x2x12,960,480,80,8,5,495,0.004535791624242429,0.009183367349494948,0.004476128690909101,0.013719158973737378,0.013269900999999251,0.0014742871206110402
strongscale_native_np24_1x2x12_N968,24,1x2x12,960,480,80,9,5,495,0.0052949828181817985,0.009219441284848487,0.0037558295575757686,0.014514424103030285,0.01419782700000205,0.0014055950185379495
strongscale_native_np24_1x2x12_N968,24,1x2x12,960,480,80,10,5,495,0.004482804420201993,0.009205786408080802,0.0037947423474747576,0.013688590828282795,0.013264178999998322,0.0011577148024190186
strongscale_native_np24_1x2x12_N968,24,1x2x12,960,480,80,11,5,495,0.005559039830302987,0.009429370036363625,0.001856352587878826,0.014988409866666613,0.014905691999997472,0.002043077182221682
strongscale_native_np24_1x2x12_N968,24,1x2x12,960,480,80,12,5,495,0.004140540313131278,0.009619004795959615,0.0018895491454545721,0.01375954510909089,0.013607024000002355,6.664914760086152e-4
strongscale_native_np24_1x2x12_N968,24,1x2x12,960,480,80,13,5,495,0.0033065449414140715,0.009295086929292875,0.004149715351515176,0.012601631870706946,0.012009620999998916,9.96505594008218e-4
strongscale_native_np24_1x2x12_N968,24,1x2x12,960,480,80,14,5,495,0.0032531978666666696,0.009146470749494911,0.0037628939979797976,0.01239966861616158,0.011763811999999874,8.784998848762602e-4
strongscale_native_np24_1x2x12_N968,24,1x2x12,960,480,80,15,5,495,0.0033043235494950142,0.009282723361616143,0.003658148258585839,0.012587046911111156,0.012297630000000837,9.765517189474931e-4
strongscale_native_np24_1x2x12_N968,24,1x2x12,960,480,80,16,5,495,0.0032635259858585465,0.009132577430303027,0.003932822341414139,0.012396103416161573,0.011779784999999876,9.526346116379072e-4
strongscale_native_np24_1x2x12_N968,24,1x2x12,960,480,80,17,5,495,0.0032769130767676654,0.00924561819191925,0.0040521708444444145,0.012522531268686916,0.011774777999999486,0.0010466297609792443
strongscale_native_np24_1x2x12_N968,24,1x2x12,960,480,80,18,5,495,0.003246039074747487,0.009132957458585866,0.004073734018181811,0.012378996533333353,0.011793374999999884,9.310863340904736e-4
strongscale_native_np24_1x2x12_N968,24,1x2x12,960,480,80,19,5,495,0.0032610690828282973,0.0091740097818182,0.004620510153535328,0.012435078864646499,0.01176881800000018,0.001017805594517539
strongscale_native_np24_1x2x12_N968,24,1x2x12,960,480,80,20,5,495,0.0032975596666666826,0.009189592701010083,0.005322574369697005,0.012487152367676767,0.011841774999997057,0.0010253699750818923
strongscale_native_np24_1x2x12_N968,24,1x2x12,960,480,80,21,5,495,0.0032746719515151655,0.00912589306666666,0.0057448758202019905,0.012400565018181825,0.011812211000000516,9.690477778346901e-4
strongscale_native_np24_1x2x12_N968,24,1x2x12,960,480,80,22,5,495,0.0032607165010101274,0.009087949359595969,0.005494877793939395,0.012348665860606097,0.011715174000000772,9.765474324369093e-4
strongscale_native_np24_1x2x12_N968,24,1x2x12,960,480,80,23,5,495,0.003353245092929317,0.009309857783838416,0.0022978431414141407,0.012663102876767732,0.01182556200000029,0.0011447342201228114
strongscale_native_np24_1x3x8_N968,24,1x3x8,960,320,120,0,5,495,0.00414142033737372,0.00937356127474747,0.0015615694828282974,0.01351498161212119,0.01285123800000143,0.0011057284036478216
strongscale_native_np24_1x3x8_N968,24,1x3x8,960,320,120,1,5,495,0.004626741307070726,0.00944610896565658,0.002927039856565652,0.014072850272727307,0.013514043000000697,0.0012132398343645517
strongscale_native_np24_1x3x8_N968,24,1x3x8,960,320,120,2,5,495,0.004731384935353527,0.009359341438383878,0.0031007290020202125,0.014090726373737405,0.013703107000001324,0.0012131101859092935
strongscale_native_np24_1x3x8_N968,24,1x3x8,960,320,120,3,5,495,0.004640586939393901,0.009432276353535336,0.0032288917212120937,0.014072863292929238,0.013457774999999117,0.0011949888623053878
strongscale_native_np24_1x3x8_N968,24,1x3x8,960,320,120,4,5,495,0.004557244464646501,0.00936531829292927,0.003144395234343493,0.013922562757575772,0.013231038000000694,0.0012384332444316819
strongscale_native_np24_1x3x8_N968,24,1x3x8,960,320,120,5,5,495,0.004693986923232336,0.00937846309898982,0.002821251832323221,0.014072450022222155,0.0134723189999999,0.0012634333733058248
strongscale_native_np24_1x3x8_N968,24,1x3x8,960,320,120,6,5,495,0.004713611448484824,0.009340215951515183,0.002797341587878797,0.014053827400000008,0.01363849699999875,0.0011949099670148632
strongscale_native_np24_1x3x8_N968,24,1x3x8,960,320,120,7,5,495,0.005035189426262593,0.009649915424242426,0.001531098090909062,0.014685104850505018,0.013922214999999127,0.0016632818386134163
strongscale_native_np24_1x3x8_N968,24,1x3x8,960,320,120,8,5,495,0.004107745949494958,0.009376443492929317,0.002196900080808065,0.013484189442424275,0.01286697499999967,0.0010870867121950032
strongscale_native_np24_1x3x8_N968,24,1x3x8,960,320,120,9,5,495,0.003878886763636313,0.009445377820202033,0.0033907553171717347,0.013324264583838345,0.012521982000000875,0.0011330120849242108
strongscale_native_np24_1x3x8_N968,24,1x3x8,960,320,120,10,5,495,0.0038250316282828377,0.009270341458585853,0.0032408083575757203,0.013095373086868691,0.012462377000000302,0.0010035151466038614
strongscale_native_np24_1x3x8_N968,24,1x3x8,960,320,120,11,5,495,0.003815149074747471,0.009274645016161617,0.00365188675757577,0.013089794090909088,0.012389660000001967,0.0010661985552837183
strongscale_native_np24_1x3x8_N968,24,1x3x8,960,320,120,12,5,495,0.0038273074464646338,0.0093459191979798,0.0038829360222221985,0.013173226644444433,0.012438535999999445,0.0010072435248751736
strongscale_native_np24_1x3x8_N968,24,1x3x8,960,320,120,13,5,495,0.0038522715757575332,0.00937174017777777,0.0033303631777777776,0.013224011753535303,0.012471675999998766,0.0010752978349518447
strongscale_native_np24_1x3x8_N968,24,1x3x8,960,320,120,14,5,495,0.0037821789090909073,0.009208398426262613,0.0033833123292929543,0.01299057733535352,0.01242709099999928,8.674111399309475e-4
strongscale_native_np24_1x3x8_N968,24,1x3x8,960,320,120,15,5,495,0.0038701543818181984,0.009427335515151463,0.0021239295090909097,0.013297489896969663,0.01251363599999955,0.001097466200111569
strongscale_native_np24_1x3x8_N968,24,1x3x8,960,320,120,16,5,495,0.004175965925252468,0.009491341012121136,0.0015418471676768,0.013667306937373603,0.013015747000000744,0.0011658322933023255
strongscale_native_np24_1x3x8_N968,24,1x3x8,960,320,120,17,5,495,0.003840452274747439,0.00937167946666662,0.0027883953676767926,0.013212131741414059,0.012423992000000439,0.001110941820639543
strongscale_native_np24_1x3x8_N968,24,1x3x8,960,320,120,18,5,495,0.0038745648909091442,0.009410327377777736,0.002968933129292904,0.013284892268686881,0.012482166999998157,0.0010883038909625556
strongscale_native_np24_1x3x8_N968,24,1x3x8,960,320,120,19,5,495,0.00383978232121214,0.009326956965656592,0.003117815177777758,0.013166739286868732,0.012412310000000204,0.0010952947684607374
strongscale_native_np24_1x3x8_N968,24,1x3x8,960,320,120,20,5,495,0.003846576008080794,0.009317533422222243,0.0042781536242424605,0.013164109430303036,0.012477159999999543,0.0010438994992676997
strongscale_native_np24_1x3x8_N968,24,1x3x8,960,320,120,21,5,495,0.0038292591292928926,0.009269232690909093,0.004042426018181808,0.013098491820201985,0.01250839300000095,9.730515103434034e-4
strongscale_native_np24_1x3x8_N968,24,1x3x8,960,320,120,22,5,495,0.0037962475191919164,0.00921132009292928,0.004136867250505053,0.013007567612121199,0.012385606000000493,9.155443676243788e-4
strongscale_native_np24_1x3x8_N968,24,1x3x8,960,320,120,23,5,495,0.0038892953212121615,0.009436994149494948,0.0021489619878788144,0.01332628947070711,0.012550831000000429,0.0011180290668218497
strongscale_native_np24_1x4x6_N968,24,1x4x6,960,240,160,0,5,495,0.005252330965656633,0.010453351313131276,0.001433181777777777,0.015705682278787908,0.014734028999999538,0.0015150154436970767
strongscale_native_np24_1x4x6_N968,24,1x4x6,960,240,160,1,5,495,0.005383570993939421,0.010415144648484843,0.002395932836363606,0.015798715642424264,0.015090465000000108,0.0014233698949176429
strongscale_native_np24_1x4x6_N968,24,1x4x6,960,240,160,2,5,495,0.005366199680808002,0.01036657566060606,0.0025401433818181846,0.015732775341414065,0.01512265299999882,0.0013376595612320736
strongscale_native_np24_1x4x6_N968,24,1x4x6,960,240,160,3,5,495,0.005392535553535352,0.010461253371717171,0.0026240594585858626,0.01585378892525252,0.01504993400000032,0.0014517876826248815
strongscale_native_np24_1x4x6_N968,24,1x4x6,960,240,160,4,5,495,0.005294070569696947,0.010412865913131331,0.00229169722020201,0.01570693648282828,0.014960289999999432,0.001456911534106888
strongscale_native_np24_1x4x6_N968,24,1x4x6,960,240,160,5,5,495,0.005527551741414116,0.01047724763030299,0.0014216731292929121,0.01600479937171711,0.014909982999999016,0.001762206666322771
strongscale_native_np24_1x4x6_N968,24,1x4x6,960,240,160,6,5,495,0.00512416679595961,0.01035967596565661,0.0019928618909090734,0.015483842761616221,0.014642478000000736,0.001411053011624678
strongscale_native_np24_1x4x6_N968,24,1x4x6,960,240,160,7,5,495,0.0047097427838383105,0.010371945610100982,0.002904733989899019,0.015081688393939292,0.01421880699999889,0.0012745919373754106
strongscale_native_np24_1x4x6_N968,24,1x4x6,960,240,160,8,5,495,0.00473385671717171,0.010408799321212121,0.00336687397979805,0.01514265603838383,0.014143944000002406,0.0013657923860643335
strongscale_native_np24_1x4x6_N968,24,1x4x6,960,240,160,9,5,495,0.004706997351515147,0.010379286002020208,0.003227645678787902,0.015086283353535354,0.01418352100000142,0.0012818689816337962
strongscale_native_np24_1x4x6_N968,24,1x4x6,960,240,160,10,5,495,0.004708533812121234,0.010352725690909087,0.003002373872727261,0.015061259503030321,0.014183759999999879,0.0012566504034792598
strongscale_native_np24_1x4x6_N968,24,1x4x6,960,240,160,11,5,495,0.004704114660606147,0.010318368355555515,0.0021133817818182127,0.015022483016161662,0.014160633000001255,0.0012618722732166234
strongscale_native_np24_1x4x6_N968,24,1x4x6,960,240,160,12,5,495,0.005142302945454524,0.010211058848484805,0.0022283313353535293,0.01535336179393933,0.01462602600000018,0.0014332297147869942
strongscale_native_np24_1x4x6_N968,24,1x4x6,960,240,160,13,5,495,0.004699711335353535,0.010328653101010046,0.003219946937373746,0.015028364436363581,0.01415443500000002,0.0013054464354162714
strongscale_native_np24_1x4x6_N968,24,1x4x6,960,240,160,14,5,495,0.004656734870707097,0.010251251408080758,0.003244100923232318,0.014907986278787854,0.014111758000000307,0.0012466220365525795
strongscale_native_np24_1x4x6_N968,24,1x4x6,960,240,160,15,5,495,0.004703827608080825,0.01035702929898991,0.003326049492929301,0.015060856907070735,0.0141646869999974,0.0013289503039831732
strongscale_native_np24_1x4x6_N968,24,1x4x6,960,240,160,16,5,495,0.004693465737373729,0.010323255220202004,0.0029051332949495065,0.015016720957575733,0.014147997000000245,0.001294722221065224
strongscale_native_np24_1x4x6_N968,24,1x4x6,960,240,160,17,5,495,0.004713181307070721,0.010367157959595965,0.0019172904262626798,0.015080339266666685,0.014139890999999238,0.0013367018119565047
strongscale_native_np24_1x4x6_N968,24,1x4x6,960,240,160,18,5,495,0.005171204600000031,0.010343683604040409,0.001369594323232353,0.015514888204040442,0.014712810999998993,0.001497175596408438
strongscale_native_np24_1x4x6_N968,24,1x4x6,960,240,160,19,5,495,0.004688553892929266,0.010307970416161601,0.0022165669333333205,0.014996524309090866,0.014158724999999706,0.0011992873688542857
strongscale_native_np24_1x4x6_N968,24,1x4x6,960,240,160,20,5,495,0.004703064177777827,0.010301080371717201,0.0035190091151515606,0.015004144549495028,0.014191626999998874,0.0012460590736970815
strongscale_native_np24_1x4x6_N968,24,1x4x6,960,240,160,21,5,495,0.004755188248484853,0.010440155949494965,0.0034938716161616616,0.015195344197979818,0.014223336999998892,0.0012898256582218478
strongscale_native_np24_1x4x6_N968,24,1x4x6,960,240,160,22,5,495,0.004682452727272737,0.01025709050909093,0.003254087030303078,0.01493954323636367,0.014121055000000382,0.0011957453640283246
strongscale_native_np24_1x4x6_N968,24,1x4x6,960,240,160,23,5,495,0.004734351886868648,0.010356243674747476,0.0017073747010100755,0.015090595561616123,0.014168262000000098,0.001290131032370529
strongscale_native_np24_1x6x4_N968,24,1x6x4,960,160,240,0,5,495,0.007202542907070714,0.010805050014141424,0.0015176113373737527,0.018007592921212137,0.016942500999999055,0.001805355488020792
strongscale_native_np24_1x6x4_N968,24,1x6x4,960,160,240,1,5,495,0.00684728622424239,0.010743321303030315,0.0021904025454544916,0.017590607527272702,0.016736745999999414,0.0014748227148337894
strongscale_native_np24_1x6x4_N968,24,1x6x4,960,160,240,2,5,495,0.006926811090909079,0.010835049852525244,0.002198141745454633,0.01776186094343432,0.01694440800000052,0.0014943520851013119
strongscale_native_np24_1x6x4_N968,24,1x6x4,960,160,240,3,5,495,0.007256831527272696,0.010792195189898948,0.0015142224141414132,0.018049026717171644,0.01683163700000101,0.001970158484736496
strongscale_native_np24_1x6x4_N968,24,1x6x4,960,160,240,4,5,495,0.006988208941414188,0.010602684202020244,0.002662892783838378,0.01759089314343443,0.016919850999999042,0.0014272307681184127
strongscale_native_np24_1x6x4_N968,24,1x6x4,960,160,240,5,5,495,0.00632021309292933,0.01061199699191919,0.00350605215959588,0.01693221008484852,0.016313552999999814,0.0011288728584197773
strongscale_native_np24_1x6x4_N968,24,1x6x4,960,160,240,6,5,495,0.0063512965656565504,0.01060485020808074,0.0034335304989899034,0.01695614677373729,0.016341209000000134,0.0012553465167738861
strongscale_native_np24_1x6x4_N968,24,1x6x4,960,160,240,7,5,495,0.006366941684848564,0.010683591907070718,0.002577301981818188,0.017050533591919284,0.01628041200000041,0.001382589929625386
strongscale_native_np24_1x6x4_N968,24,1x6x4,960,160,240,8,5,495,0.007006775723232291,0.010654664735353507,0.002670033286868658,0.0176614404585858,0.0169608599999993,0.001446546071598027
strongscale_native_np24_1x6x4_N968,24,1x6x4,960,160,240,9,5,495,0.006366077070707088,0.0106542851959596,0.0034910924787878647,0.01702036226666669,0.016293764999998572,0.0012319143572029323
strongscale_native_np24_1x6x4_N968,24,1x6x4,960,160,240,10,5,495,0.006286834468686896,0.01057996126060608,0.0034901970585858367,0.016866795729292977,0.016224384000000924,0.001202227936182885
strongscale_native_np24_1x6x4_N968,24,1x6x4,960,160,240,11,5,495,0.006312856836363704,0.01057639458181826,0.002583355860606065,0.016889251418181966,0.01617336300000005,0.0012978750137084174
strongscale_native_np24_1x6x4_N968,24,1x6x4,960,160,240,12,5,495,0.006963577622222149,0.010531618650505059,0.0026589620323232183,0.017495196272727206,0.016826153000000232,0.0015265571058806792
strongscale_native_np24_1x6x4_N968,24,1x6x4,960,160,240,13,5,495,0.0063539023373737034,0.01066559971313131,0.0035282587717172125,0.017019502050505016,0.016286612000000034,0.0012773091024428304
strongscale_native_np24_1x6x4_N968,24,1x6x4,960,160,240,14,5,495,0.006313903848484857,0.010589577913131278,0.0034590089858585827,0.016903481761616136,0.016231060000000852,0.001248116404306586
strongscale_native_np24_1x6x4_N968,24,1x6x4,960,160,240,15,5,495,0.00629099209090909,0.010548392226262651,0.0025249746262626556,0.01683938431717174,0.01622152300000046,0.0012019734220454343
strongscale_native_np24_1x6x4_N968,24,1x6x4,960,160,240,16,5,495,0.006997942672727256,0.010494385810101042,0.0026420164707071088,0.0174923284828283,0.016915321999999122,0.001383975850763031
strongscale_native_np24_1x6x4_N968,24,1x6x4,960,160,240,17,5,495,0.0062551796989899,0.010523981517171762,0.0036498498626262926,0.016779161216161662,0.016149520999999112,0.0012450642755544887
strongscale_native_np24_1x6x4_N968,24,1x6x4,960,160,240,18,5,495,0.006277307868686813,0.010537909010101012,0.003650960064646505,0.016815216878787825,0.016153575000000586,0.001258668021043638
strongscale_native_np24_1x6x4_N968,24,1x6x4,960,160,240,19,5,495,0.0063310844787878495,0.010607793111111102,0.0026109897252524876,0.01693887758989895,0.016295670999999956,0.0012433028379012431
strongscale_native_np24_1x6x4_N968,24,1x6x4,960,160,240,20,5,495,0.007539220307070667,0.010619563254545527,0.001979227709090932,0.018158783561616192,0.01725459000000029,0.0017320199380134356
strongscale_native_np24_1x6x4_N968,24,1x6x4,960,160,240,21,5,495,0.0062689405313130645,0.010487374369696977,0.0030684644363636474,0.016756314901010042,0.016278028000000333,0.0010075162778281138
strongscale_native_np24_1x6x4_N968,24,1x6x4,960,160,240,22,5,495,0.00633926391313135,0.010593924846464639,0.003075999452525252,0.01693318875959599,0.016224622999997607,0.0012577128342853444
strongscale_native_np24_1x6x4_N968,24,1x6x4,960,160,240,23,5,495,0.006229098139393951,0.0104355764181818,0.0020826069878787253,0.01666467455757575,0.016211032999999375,9.240116512430779e-4
strongscale_native_np24_1x8x3_N968,24,1x8x3,960,120,320,0,5,495,0.010565324282828309,0.00997429473939399,0.0012954302484848555,0.0205396190222223,0.020339727000001417,0.0019487455300153066
strongscale_native_np24_1x8x3_N968,24,1x8x3,960,120,320,1,5,495,0.008526170608080872,0.009845885347474737,0.0022693161878787646,0.01837205595555561,0.017675875999998425,0.001232584345963263
strongscale_native_np24_1x8x3_N968,24,1x8x3,960,120,320,2,5,495,0.008617371725252456,0.009960015111111071,0.0017706591737374194,0.01857738683636353,0.017638921999999724,0.0015379752958612721
strongscale_native_np24_1x8x3_N968,24,1x8x3,960,120,320,3,5,495,0.008979035832323243,0.00985174227070706,0.002608332937373741,0.018830778103030302,0.018143654000001064,0.0014325186715706403
strongscale_native_np24_1x8x3_N968,24,1x8x3,960,120,320,4,5,495,0.008267951739393991,0.00986021599393942,0.0032336870767676667,0.018128167733333412,0.01724886900000122,0.0014495799141257773
strongscale_native_np24_1x8x3_N968,24,1x8x3,960,120,320,5,5,495,0.0082446252585858509,0.00982239991111114,0.0030291398545455434,0.01806702516969699,0.017257928000001144,0.0013837138434850532
strongscale_native_np24_1x8x3_N968,24,1x8x3,960,120,320,6,5,495,0.008930238557575753,0.009767479410100975,0.0033166832424242503,0.01869771796767673,0.018061638000000713,0.0014892529621681882
strongscale_native_np24_1x8x3_N968,24,1x8x3,960,120,320,7,5,495,0.008299940753535339,0.00987946431515151,0.0036705209878787884,0.018179405068686847,0.017315865000000485,0.0013975011065483817
strongscale_native_np24_1x8x3_N968,24,1x8x3,960,120,320,8,5,495,0.008194868961616163,0.009767852139393943,0.0027349443373737192,0.017962721101010104,0.017209768000002512,0.0012543710588843657
strongscale_native_np24_1x8x3_N968,24,1x8x3,960,120,320,9,5,495,0.009154578915151628,0.009847583187878801,0.003347038482828289,0.01900216210303043,0.018309355000001304,0.0015418935474468588
strongscale_native_np24_1x8x3_N968,24,1x8x3,960,120,320,10,5,495,0.008134324157575831,0.00970593846464645,0.00385696432525258,0.01784026262222228,0.017226695999998043,0.0012787303000372438
strongscale_native_np24_1x8x3_N968,24,1x8x3,960,120,320,11,5,495,0.008201221498989905,0.009757445068686848,0.002869504371717221,0.017958666567676754,0.017205239000002592,0.0013038765449957474
strongscale_native_np24_1x8x3_N968,24,1x8x3,960,120,320,12,5,495,0.009407496731313142,0.009774117036363664,0.0030265702282828654,0.019181613767676804,0.018512488000000715,0.001710374291850056
strongscale_native_np24_1x8x3_N968,24,1x8x3,960,120,320,13,5,495,0.008131419769696937,0.009767517432323266,0.003664314866666674,0.017898937202020203,0.017204283999998182,0.001341613388924186
strongscale_native_np24_1x8x3_N968,24,1x8x3,960,120,320,14,5,495,0.008195761955555495,0.009780846206060621,0.003205778602020223,0.017976608161616114,0.017190695000000034,0.001310864670304185
strongscale_native_np24_1x8x3_N968,24,1x8x3,960,120,320,15,5,495,0.008942957579797954,0.009685288509090883,0.002794453107070725,0.01862824608888884,0.018172264000000382,0.0013079573066810959
strongscale_native_np24_1x8x3_N968,24,1x8x3,960,120,320,16,5,495,0.008056758147474747,0.009628552624242448,0.0035281826666666493,0.017685310771717196,0.01714920999999947,0.0011371969310766774
strongscale_native_np24_1x8x3_N968,24,1x8x3,960,120,320,17,5,495,0.008116313664646458,0.009673303028282908,0.00309940202626265,0.017789616692929368,0.01718091899999763,0.001176492097887561
strongscale_native_np24_1x8x3_N968,24,1x8x3,960,120,320,18,5,495,0.00869045545454549,0.00954871178181817,0.0033205836666666297,0.018239167236363662,0.017845630999998363,0.0010986740748331499
strongscale_native_np24_1x8x3_N968,24,1x8x3,960,120,320,19,5,495,0.00808682441212124,0.009658001876767708,0.003398804682828294,0.01774482628888895,0.017124176999999463,0.0012142165695613817
strongscale_native_np24_1x8x3_N968,24,1x8x3,960,120,320,20,5,495,0.007972608878787923,0.009577608101010097,0.003265994486868676,0.01755021697979802,0.017215250999999654,8.856930024404605e-4
strongscale_native_np24_1x8x3_N968,24,1x8x3,960,120,320,21,5,495,0.009987118729292923,0.009764906872727278,0.0023537746484848425,0.0197520256020202,0.019463302000000127,0.0016030842208616394
strongscale_native_np24_1x8x3_N968,24,1x8x3,960,120,320,22,5,495,0.008036805646464647,0.009558269252525328,0.002617583616161567,0.017595074898989975,0.017150877999998926,9.444366622290845e-4
strongscale_native_np24_1x8x3_N968,24,1x8x3,960,120,320,23,5,495,0.008136079775757556,0.009721203549494937,0.001727348389898989,0.017857283325252493,0.017174244999999644,0.0012132330110364584
strongscale_native_np24_24x1x1_N968,24,24x1x1,40,960,960,0,5,495,0.07952639500606064,0.013318246773737432,0.026738791537373744,0.09284464177979806,0.09325409000000207,0.00429114548557887
strongscale_native_np24_24x1x1_N968,24,24x1x1,40,960,960,1,5,495,0.07268238358787878,0.01324443193131309,0.02691799795151509,0.08592681551919187,0.08606290699999875,0.0025028137991744905
strongscale_native_np24_24x1x1_N968,24,24x1x1,40,960,960,2,5,495,0.07897054594545456,0.013281346311110984,0.0311958828545454,0.09225189225656555,0.09337234400000227,0.004710879553321313
strongscale_native_np24_24x1x1_N968,24,24x1x1,40,960,960,3,5,495,0.07238540266868689,0.01322408735353553,0.028145248244444414,0.08560949002222241,0.08289265600000206,0.007688867131490693
strongscale_native_np24_24x1x1_N968,24,24x1x1,40,960,960,4,5,495,0.07950621372929276,0.01315003308686893,0.04162743930909096,0.09265624681616168,0.09318876300000056,0.0039929902470774116
strongscale_native_np24_24x1x1_N968,24,24x1x1,40,960,960,5,5,495,0.07493494643838394,0.013123875923232536,0.027851064272727086,0.08805882236161648,0.08564329000000015,0.007344252472771398
strongscale_native_np24_24x1x1_N968,24,24x1x1,40,960,960,6,5,495,0.08374127039999997,0.013085766521212168,0.03571000577575746,0.09682703692121214,0.09499955200000088,0.008839980347563437
strongscale_native_np24_24x1x1_N968,24,24x1x1,40,960,960,7,5,495,0.07222739857777777,0.013237579412121264,0.03496954224040396,0.08546497798989904,0.0822544090000008,0.009148296663364325
strongscale_native_np24_24x1x1_N968,24,24x1x1,40,960,960,8,5,495,0.07921625145454537,0.013154646357575898,0.04126681173333312,0.09237089781212127,0.09288406299999963,0.004553546260492044
strongscale_native_np24_24x1x1_N968,24,24x1x1,40,960,960,9,5,495,0.07374954753737398,0.013099620319192071,0.0272377515252525,0.08684916785656605,0.08553719499999879,0.005864234765429142
strongscale_native_np24_24x1x1_N968,24,24x1x1,40,960,960,10,5,495,0.08174862477979793,0.013213059878787806,0.034341260624242614,0.09496168465858573,0.09482788900000116,0.007665048853896951
strongscale_native_np24_24x1x1_N968,24,24x1x1,40,960,960,11,5,495,0.07048860124848483,0.013154417555555553,0.030645389711111096,0.08364301880404038,0.08169150299999473,0.007538327244983794
strongscale_native_np24_24x1x1_N968,24,24x1x1,40,960,960,12,5,495,0.07887826012727281,0.013090489113131385,0.04158243793131317,0.0919687492404042,0.0926399240000002,0.004556656501583778
strongscale_native_np24_24x1x1_N968,24,24x1x1,40,960,960,13,5,495,0.07310231768080805,0.013120729286868594,0.024745930109090878,0.08622304696767664,0.08569359799999177,0.0035499979753651606
strongscale_native_np24_24x1x1_N968,24,24x1x1,40,960,960,14,5,495,0.07999871621212115,0.013094458434343597,0.03591345442020209,0.09309317464646474,0.09390282600000077,0.006265443396255821
strongscale_native_np24_24x1x1_N968,24,24x1x1,40,960,960,15,5,495,0.06934111672525262,0.013268925450505002,0.024851848608081085,0.08261004217575761,0.08194112800000397,0.005835379471100553
strongscale_native_np24_24x1x1_N968,24,24x1x1,40,960,960,16,5,495,0.07918885305454557,0.013106705424242485,0.03915579725656562,0.09229555847878805,0.09345841399999877,0.004434200134662924
strongscale_native_np24_24x1x1_N968,24,24x1x1,40,960,960,17,5,495,0.07202941961616142,0.013068275242424163,0.02481679098181831,0.08509769485858559,0.085222721999997475,0.0011716143602780902
strongscale_native_np24_24x1x1_N968,24,24x1x1,40,960,960,18,5,495,0.07867802902020211,0.013019463064646465,0.036408363654545535,0.09169749208484858,0.09322881699999641,0.004419438139101727
strongscale_native_np24_24x1x1_N968,24,24x1x1,40,960,960,19,5,495,0.06793772861414148,0.01312277002222218,0.03846853524242436,0.08106049863636366,0.08135032599999903,0.002132142562634718
strongscale_native_np24_24x1x1_N968,24,24x1x1,40,960,960,20,5,495,0.1136735449151515,0.01324355434747464,0.03745337400404035,0.12691709926262615,0.12587475699999118,0.002956618801986539
strongscale_native_np24_24x1x1_N968,24,24x1x1,40,960,960,21,5,495,0.13028380175151513,0.013174832981818261,0.06841081661212131,0.14345863473333337,0.12876129100000178,0.024795755550724986
strongscale_native_np24_24x1x1_N968,24,24x1x1,40,960,960,22,5,495,0.14399206418787874,0.013143094842424222,0.0976485820808079,0.15713515903030295,0.1528396599999997,0.020454323355438467
strongscale_native_np24_24x1x1_N968,24,24x1x1,40,960,960,23,5,495,0.12936750567070712,0.013102881088888883,0.01770753765656548,0.142470386759596,0.1479015359999991,0.026189248429587208
strongscale_native_np24_2x12x1_N968,24,2x12x1,480,80,960,0,5,495,0.0283756096888889,0.014863358593939311,0.0026700930343433915,0.043238968282828215,0.04302191699999902,0.001327290973697784
strongscale_native_np24_2x12x1_N968,24,2x12x1,480,80,960,1,5,495,0.026201762044444427,0.014742919662626258,0.004488049117171642,0.04094468170707068,0.04092836400000088,0.0013348066473117758
strongscale_native_np24_2x12x1_N968,24,2x12x1,480,80,960,2,5,495,0.0248213132323232,0.014850780678787895,0.005247525030303021,0.039672093911111095,0.039403438999999096,0.001532456809502919
strongscale_native_np24_2x12x1_N968,24,2x12x1,480,80,960,3,5,495,0.0246853370727273,0.014719609977777758,0.00472835774343441,0.039404947050505054,0.039292098000000664,7.874402295637429e-4
strongscale_native_np24_2x12x1_N968,24,2x12x1,480,80,960,4,5,495,0.02600163691717171,0.01476751432929298,0.004883199262626237,0.04076915124646469,0.04036402800000083,0.0017660917374571587
strongscale_native_np24_2x12x1_N968,24,2x12x1,480,80,960,5,5,495,0.024423498545454496,0.014760933032323226,0.0049358102686868615,0.03918443157777772,0.039005041999999435,0.0010207578395328596
strongscale_native_np24_2x12x1_N968,24,2x12x1,480,80,960,6,5,495,0.0246930526787879,0.014804474521212111,0.004837306818181834,0.039497527200000014,0.039228916999999086,0.0012022616438284066
strongscale_native_np24_2x12x1_N968,24,2x12x1,480,80,960,7,5,495,0.024736612971717184,0.014825889802020166,0.005038773466666702,0.03956250277373735,0.039305687000002365,0.0014094909073502934
strongscale_native_np24_2x12x1_N968,24,2x12x1,480,80,960,8,5,495,0.025374897105050465,0.014796844181818166,0.005741058210100921,0.04017174128686863,0.03952527100000047,0.0019460263560579618
strongscale_native_np24_2x12x1_N968,24,2x12x1,480,80,960,9,5,495,0.027865658925252508,0.014812699684848513,0.005091161460606064,0.04267835861010102,0.040458916999998706,0.004414887725198893
strongscale_native_np24_2x12x1_N968,24,2x12x1,480,80,960,10,5,495,0.025130458317171676,0.014820035305050511,0.004826999929292959,0.03995049362222219,0.03917074199999959,0.0019544129971637266
strongscale_native_np24_2x12x1_N968,24,2x12x1,480,80,960,11,5,495,0.02531977472121205,0.01479066022424238,0.00307550527676773,0.04011043494545443,0.039480448000000834,0.002170509455895678
strongscale_native_np24_2x12x1_N968,24,2x12x1,480,80,960,12,5,495,0.027975458078787856,0.014747122123232342,0.002558583927272725,0.042722580202020195,0.04259443199999957,9.458424763756436e-4
strongscale_native_np24_2x12x1_N968,24,2x12x1,480,80,960,13,5,495,0.023562825337373746,0.014786392767676763,0.004855012858585878,0.03834921810505051,0.038342477000000486,9.385913480422763e-4
strongscale_native_np24_2x12x1_N968,24,2x12x1,480,80,960,14,5,495,0.023497340648484792,0.014744475402020217,0.0048947758020201635,0.03824181605050501,0.03820514699999933,9.173984819437172e-4
strongscale_native_np24_2x12x1_N968,24,2x12x1,480,80,960,15,5,495,0.02367788036363636,0.014777853486868688,0.0046896678989899404,0.03845573385050505,0.03830242100000092,0.0011032236774783661
strongscale_native_np24_2x12x1_N968,24,2x12x1,480,80,960,16,5,495,0.023768961030302998,0.014781476050505102,0.005546400317171734,0.0385504370808081,0.03840470399999951,0.0012409999688249406
strongscale_native_np24_2x12x1_N968,24,2x12x1,480,80,960,17,5,495,0.02349254290505042,0.014804487042424243,0.0051201112303029695,0.038297029947474664,0.03818297299999962,0.0013217341471526431
strongscale_native_np24_2x12x1_N968,24,2x12x1,480,80,960,18,5,495,0.02365909633535358,0.01481892124646464,0.004551098070707034,0.038478017581818215,0.038236618999999195,0.0014817281963204545
strongscale_native_np24_2x12x1_N968,24,2x12x1,480,80,960,19,5,495,0.023484025357575752,0.014794529818181846,0.004850292183838382,0.038278555175757595,0.038163185000000155,0.0012473296374970742
strongscale_native_np24_2x12x1_N968,24,2x12x1,480,80,960,20,5,495,0.02366532556565659,0.014779060034343459,0.006624953434343412,0.03844438560000005,0.03839325899999757,8.416952700492536e-4
strongscale_native_np24_2x12x1_N968,24,2x12x1,480,80,960,21,5,495,0.02379510717777777,0.014800762408080795,0.006055319896969624,0.03859586958585857,0.038537501999998725,8.883104282474167e-4
strongscale_native_np24_2x12x1_N968,24,2x12x1,480,80,960,22,5,495,0.023799314874747464,0.014727679177777859,0.006530037802020174,0.038526994052525326,0.03839826599999974,8.163507564800997e-4
strongscale_native_np24_2x12x1_N968,24,2x12x1,480,80,960,23,5,495,0.023333052438383867,0.014738467230303075,0.00324607807676762,0.038071519668686944,0.03796148299999835,9.101951955573015e-4
strongscale_native_np24_2x1x12_N968,24,2x1x12,480,960,80,0,5,495,0.00786522177979796,0.008865887236363642,0.0030305872040403917,0.0167311090161616,0.01648020800000083,8.043527142605945e-4
strongscale_native_np24_2x1x12_N968,24,2x1x12,480,960,80,1,5,495,0.005188535943434368,0.008813512668686869,0.005416408668686877,0.014002048612121237,0.01358914399999911,0.001749380503982265
strongscale_native_np24_2x1x12_N968,24,2x1x12,480,960,80,2,5,495,0.004345731575757634,0.008726174915151512,0.005567457715151511,0.013071906490909146,0.012661220000000029,0.0012319293594502117
strongscale_native_np24_2x1x12_N968,24,2x1x12,480,960,80,3,5,495,0.004397727014141401,0.00887779417575758,0.005265810533333323,0.01327552118989898,0.01289105299999882,0.0011505888684193407
strongscale_native_np24_2x1x12_N968,24,2x1x12,480,960,80,4,5,495,0.004233518266666614,0.008672006185858575,0.006280650505050488,0.012905524452525187,0.012471200000002014,9.909554186746466e-4
strongscale_native_np24_2x1x12_N968,24,2x1x12,480,960,80,5,5,495,0.004336028119192005,0.00887179087272734,0.005293606256565662,0.013207818991919345,0.01278281300000117,0.0012336928876230517
strongscale_native_np24_2x1x12_N968,24,2x1x12,480,960,80,6,5,495,0.0045046276484848385,0.008700698830303067,0.005626467054545433,0.013205326478787907,0.012846708999999734,0.0010431496631427984
strongscale_native_np24_2x1x12_N968,24,2x1x12,480,960,80,7,5,495,0.004661464692929288,0.008926250977777817,0.007335556408080805,0.013587715670707105,0.013153313999998417,0.0012126424993320662
strongscale_native_np24_2x1x12_N968,24,2x1x12,480,960,80,8,5,495,0.004714373381818176,0.008732379096969715,0.006257064913131267,0.01344675247878789,0.012861012000000116,0.0014767936392512772
strongscale_native_np24_2x1x12_N968,24,2x1x12,480,960,80,9,5,495,0.006124734856565622,0.009046709640404072,0.006767468486868718,0.015171444496969694,0.013757467000001355,0.003211965921989742
strongscale_native_np24_2x1x12_N968,24,2x1x12,480,960,80,10,5,495,0.004417873165656563,0.008789054301010079,0.00552954143434346,0.013206927466666641,0.012866495999999117,0.0010601933219690758
strongscale_native_np24_2x1x12_N968,24,2x1x12,480,960,80,11,5,495,0.005633295402020189,0.009727541115151481,0.0033327757818182356,0.015360836517171671,0.014598130999999626,0.002301735129821093
strongscale_native_np24_2x1x12_N968,24,2x1x12,480,960,80,12,5,495,0.008098642266666681,0.008726798149494916,0.002963813646464644,0.016825440416161595,0.016694785000000323,8.091281049692376e-4
strongscale_native_np24_2x1x12_N968,24,2x1x12,480,960,80,13,5,495,0.0033909551757576022,0.008825731260606118,0.005539034836363645,0.01221668643636372,0.011854886000000064,7.650312738711645e-4
strongscale_native_np24_2x1x12_N968,24,2x1x12,480,960,80,14,5,495,0.0033510685050505366,0.008654556850505068,0.005389923969697007,0.012005625355555606,0.011796235999998572,6.177990310338625e-4
strongscale_native_np24_2x1x12_N968,24,2x1x12,480,960,80,15,5,495,0.003404363472727239,0.008844045197979784,0.005232771985858624,0.012248408670707022,0.011794566999997258,8.500338613541748e-4
strongscale_native_np24_2x1x12_N968,24,2x1x12,480,960,80,16,5,495,0.0033746651858586147,0.008696337438383875,0.006437959092929336,0.01207100262424249,0.011812923999999114,7.08822891239285e-4
strongscale_native_np24_2x1x12_N968,24,2x1x12,480,960,80,17,5,495,0.0033923717494949673,0.008878940989899008,0.0051944819191919065,0.012271312739393974,0.011836528999999985,7.943603682240989e-4
strongscale_native_np24_2x1x12_N968,24,2x1x12,480,960,80,18,5,495,0.003356053626262639,0.0087065720545455,0.005638931258585847,0.01206262568080814,0.011795044000001198,7.215804145251152e-4
strongscale_native_np24_2x1x12_N968,24,2x1x12,480,960,80,19,5,495,0.003446347743434422,0.008991863757575777,0.006313506056565679,0.0124382115010102,0.011880874999999236,8.997162592205242e-4
strongscale_native_np24_2x1x12_N968,24,2x1x12,480,960,80,20,5,495,0.003509044181818193,0.008589222476767643,0.00952356944444445,0.012098266658585837,0.01198863999999844,4.4532100995630763e-4
strongscale_native_np24_2x1x12_N968,24,2x1x12,480,960,80,21,5,495,0.0034791512969697055,0.008618614903030307,0.010475515145454578,0.012097766200000012,0.011966467000000591,4.824962393601812e-4
strongscale_native_np24_2x1x12_N968,24,2x1x12,480,960,80,22,5,495,0.0035093678202019526,0.00854245048282831,0.009096229901010102,0.012051818303030263,0.011943817000000578,4.068897699349633e-4
strongscale_native_np24_2x1x12_N968,24,2x1x12,480,960,80,23,5,495,0.0034676417191919404,0.008672839470707032,0.004710538933333328,0.012140481189898973,0.011922358999999716,6.621030535002712e-4
strongscale_native_np24_2x2x6_N968,24,2x2x6,480,480,160,0,5,495,0.009480046745454544,0.009936195925252573,0.0029220860727273198,0.019416242670707115,0.01915288000000004,0.001013675393727942
strongscale_native_np24_2x2x6_N968,24,2x2x6,480,480,160,1,5,495,0.005499249303030329,0.009871286335353493,0.0034286282000000183,0.015370535638383823,0.0147292599999993,0.0014338920498616276
strongscale_native_np24_2x2x6_N968,24,2x2x6,480,480,160,2,5,495,0.005435009171717169,0.009797696399999991,0.003464037484848503,0.01523270557171716,0.014650343999999649,0.0012286566263510702
strongscale_native_np24_2x2x6_N968,24,2x2x6,480,480,160,3,5,495,0.005349163547474792,0.009757438820202033,0.003936219450505035,0.015106602367676825,0.014563799000001154,0.0012502926707009805
strongscale_native_np24_2x2x6_N968,24,2x2x6,480,480,160,4,5,495,0.0052903613575757905,0.00975879130909095,0.0035773642909090815,0.01504915266666674,0.014587878999998694,0.0011368159100234219
strongscale_native_np24_2x2x6_N968,24,2x2x6,480,480,160,5,5,495,0.005182856266666669,0.009932918264646479,0.0025155385151515506,0.015115774531313148,0.01458215699999954,0.0011790092683760817
strongscale_native_np24_2x2x6_N968,24,2x2x6,480,480,160,6,5,495,0.004846818032323259,0.009878992307070707,0.002787081896969677,0.014725810339393967,0.014244557000001379,9.284128821087048e-4
strongscale_native_np24_2x2x6_N968,24,2x2x6,480,480,160,7,5,495,0.004523788333333276,0.009948407266666705,0.003667474496969675,0.014472195599999982,0.014052869000000356,9.3193096034597e-4
strongscale_native_np24_2x2x6_N968,24,2x2x6,480,480,160,8,5,495,0.004476341565656497,0.009818413741414178,0.00395298825252518,0.014294755307070675,0.0139908790000014,7.891918470505165e-4
strongscale_native_np24_2x2x6_N968,24,2x2x6,480,480,160,9,5,495,0.004500090951515171,0.009887376472727296,0.0037525220424241973,0.014387467424242469,0.014021873999999102,8.734769836334933e-4
strongscale_native_np24_2x2x6_N968,24,2x2x6,480,480,160,10,5,495,0.0044769046323232696,0.00979667865252524,0.003552195997979812,0.014273583284848509,0.014047859999999801,7.20274769642095e-4
strongscale_native_np24_2x2x6_N968,24,2x2x6,480,480,160,11,5,495,0.00446600525656566,0.009748168909090903,0.002528344258585817,0.014214174165656563,0.01397585800000023,7.386675546634349e-4
strongscale_native_np24_2x2x6_N968,24,2x2x6,480,480,160,12,5,495,0.009361138038383817,0.009892355296969682,0.0031127448181818237,0.0192534933353535,0.019017219999998503,9.360372950096356e-4
strongscale_native_np24_2x2x6_N968,24,2x2x6,480,480,160,13,5,495,0.004622476735353573,0.009897119816161622,0.0031812340303029717,0.014519596551515196,0.014119387000000927,8.746851300789574e-4
strongscale_native_np24_2x2x6_N968,24,2x2x6,480,480,160,14,5,495,0.004613864351515112,0.00985133965050503,0.003390580458585834,0.014465204002020143,0.014116049000000075,8.853535459760583e-4
strongscale_native_np24_2x2x6_N968,24,2x2x6,480,480,160,15,5,495,0.00458659304444444,0.009820712698989799,0.003510403868686866,0.01440730574343424,0.014068842999998665,8.303018335215788e-4
strongscale_native_np24_2x2x6_N968,24,2x2x6,480,480,160,16,5,495,0.004577011509090922,0.00975311791919192,0.0035529242626262682,0.014330129428282842,0.014108419000001149,7.400449259025517e-4
strongscale_native_np24_2x2x6_N968,24,2x2x6,480,480,160,17,5,495,0.004591266070707073,0.009804889894949455,0.002426718672727237,0.01439615596565653,0.014078140000000516,8.093269711566302e-4
strongscale_native_np24_2x2x6_N968,24,2x2x6,480,480,160,18,5,495,0.004532414711111142,0.009825869717171754,0.002839924591919149,0.014358284428282896,0.014007568000000248,8.744860447844014e-4
strongscale_native_np24_2x2x6_N968,24,2x2x6,480,480,160,19,5,495,0.004489589921212139,0.009863727282828303,0.0035848285313130734,0.014353317204040443,0.013975859000000312,8.568359428598397e-4
strongscale_native_np24_2x2x6_N968,24,2x2x6,480,480,160,20,5,495,0.004423915515151542,0.009687388523232312,0.00612415015353536,0.014111304038383852,0.014019964999999246,4.4979312238122146e-4
strongscale_native_np24_2x2x6_N968,24,2x2x6,480,480,160,21,5,495,0.004429088931313136,0.009709220943434297,0.004543952747474686,0.014138309874747434,0.014010429999999019,5.369009038469699e-4
strongscale_native_np24_2x2x6_N968,24,2x2x6,480,480,160,22,5,495,0.004414617179798007,0.00964123888080804,0.0046168943878788105,0.014055856060606048,0.013973475000000235,4.5926912052339004e-4
strongscale_native_np24_2x2x6_N968,24,2x2x6,480,480,160,23,5,495,0.004411377579797966,0.009675958412121237,0.0034924589070707127,0.014087335991919202,0.013968468000001621,5.191650271629037e-4
strongscale_native_np24_2x3x4_N968,24,2x3x4,480,320,240,0,5,495,0.011727756450505007,0.010342052248484885,0.0023429341171716874,0.02206980869898989,0.021680831999999484,0.001108362744422226
strongscale_native_np24_2x3x4_N968,24,2x3x4,480,320,240,1,5,495,0.007334546391919114,0.01031378160606064,0.0029428968767676762,0.017648327997979756,0.016882895000000175,0.0014905922815486108
strongscale_native_np24_2x3x4_N968,24,2x3x4,480,320,240,2,5,495,0.007466643224242408,0.010307652044444424,0.00297411184444442,0.017774295268686832,0.017035961000001265,0.0014670253859523743
strongscale_native_np24_2x3x4_N968,24,2x3x4,480,320,240,3,5,495,0.007097399393939415,0.010333409937373807,0.00234801409090913,0.017430809331313222,0.016620397999998815,0.001595644300728948
strongscale_native_np24_2x3x4_N968,24,2x3x4,480,320,240,4,5,495,0.00667290687878791,0.01028808732323233,0.0030757643858585824,0.016960994202020237,0.016549348999999935,9.863141350772275e-4
strongscale_native_np24_2x3x4_N968,24,2x3x4,480,320,240,5,5,495,0.0063641162626263004,0.010336527690909104,0.0036770054686868516,0.016700643953535405,0.016321897000000973,9.619275518153843e-4
strongscale_native_np24_2x3x4_N968,24,2x3x4,480,320,240,6,5,495,0.006336673577777837,0.010278968626262635,0.00372323123838386,0.016615642204040472,0.01631355300000159,8.830144815165963e-4
strongscale_native_np24_2x3x4_N968,24,2x3x4,480,320,240,7,5,495,0.006327138290909056,0.010368757515151511,0.002947191771717173,0.016695895806060568,0.01632213499999935,0.0010027765275218276
strongscale_native_np24_2x3x4_N968,24,2x3x4,480,320,240,8,5,495,0.006640362498989822,0.01025436818181821,0.0025524721919192275,0.01689473068080803,0.016489506000000986,9.482983945024668e-4
strongscale_native_np24_2x3x4_N968,24,2x3x4,480,320,240,9,5,495,0.00632854758181818,0.010339590543434331,0.0031785045070707126,0.016668138125252512,0.0163126000000009,9.332140375620031e-4
strongscale_native_np24_2x3x4_N968,24,2x3x4,480,320,240,10,5,495,0.006342603242424224,0.010311664741414142,0.00310373835757577,0.01665426798383837,0.01631879900000044,9.009217977377747e-4
strongscale_native_np24_2x3x4_N968,24,2x3x4,480,320,240,11,5,495,0.006366871854545443,0.010357617393939356,0.0021388867797979645,0.016724489248484797,0.016216754000000222,0.0011196925931385002
strongscale_native_np24_2x3x4_N968,24,2x3x4,480,320,240,12,5,495,0.011671695810101017,0.010300204739393965,0.002431929703030278,0.02197190054949498,0.02158164999999812,0.0010785892800114745
strongscale_native_np24_2x3x4_N968,24,2x3x4,480,320,240,13,5,495,0.006402341777777789,0.010306214818181825,0.002872448230303027,0.016708556595959614,0.016351461999999373,9.642551538324914e-4
strongscale_native_np24_2x3x4_N968,24,2x3x4,480,320,240,14,5,495,0.006378817769696964,0.010265568070707094,0.002899432923232341,0.01664438584040406,0.016339064000000292,9.131674330441874e-4
strongscale_native_np24_2x3x4_N968,24,2x3x4,480,320,240,15,5,495,0.006408231884848462,0.010293106109090892,0.0022628422909090925,0.016701337993939355,0.016311644999998265,9.587078173964937e-4
strongscale_native_np24_2x3x4_N968,24,2x3x4,480,320,240,16,5,495,0.006327983111111123,0.010253196771717172,0.003327166412121255,0.016581179882828295,0.016286612000000034,9.006720645334757e-4
strongscale_native_np24_2x3x4_N968,24,2x3x4,480,320,240,17,5,495,0.006281884977777822,0.010269718466666678,0.0038724167333334066,0.0165516034444445,0.016206502000001066,9.237541609565829e-4
strongscale_native_np24_2x3x4_N968,24,2x3x4,480,320,240,18,5,495,0.0063032911353535425,0.01024690008080808,0.003772454325252533,0.016550191216161622,0.016229629000001466,8.906300282899179e-4
strongscale_native_np24_2x3x4_N968,24,2x3x4,480,320,240,19,5,495,0.00629460256161617,0.01029754116565656,0.003145341686868662,0.01659214372727273,0.016210795000001,9.861198231970569e-4
strongscale_native_np24_2x3x4_N968,24,2x3x4,480,320,240,20,5,495,0.006334757563636396,0.010155937414141386,0.003120018266666645,0.016490694977777783,0.016360520999999295,5.990993082028625e-4
strongscale_native_np24_2x3x4_N968,24,2x3x4,480,320,240,21,5,495,0.006240636175757565,0.010163802311111192,0.003591294737373779,0.016404438486868757,0.016299724999999654,5.180462217799564e-4
strongscale_native_np24_2x3x4_N968,24,2x3x4,480,320,240,22,5,495,0.0061842822000000314,0.01007552673939396,0.0035497746949495193,0.016259808939393994,0.016176700999999127,4.7693028300181716e-4
strongscale_native_np24_2x3x4_N968,24,2x3x4,480,320,240,23,5,495,0.006204699018181786,0.010145506723232278,0.0029407553777777437,0.016350205741414065,0.016209126999999768,6.023963936855714e-4
strongscale_native_np24_2x4x3_N968,24,2x4x3,480,240,320,0,5,495,0.013493340901010101,0.011067500743434319,0.0022537086828282554,0.02456084164444442,0.024288654999999437,0.001009070226061715
strongscale_native_np24_2x4x3_N968,24,2x4x3,480,240,320,1,5,495,0.008958563197979752,0.011070922870707071,0.0028423030020202707,0.020029486068686823,0.019425154000000333,0.0013595973001942177
strongscale_native_np24_2x4x3_N968,24,2x4x3,480,240,320,2,5,495,0.008542675452525312,0.011084385599999962,0.0023366475151515667,0.019627061052525274,0.019142389000000648,0.001236499026204882
strongscale_native_np24_2x4x3_N968,24,2x4x3,480,240,320,3,5,495,0.009371366408080816,0.01103882594949494,0.0031954370383837976,0.020410192357575754,0.019825936000000155,0.001635130416216052
strongscale_native_np24_2x4x3_N968,24,2x4x3,480,240,320,4,5,495,0.007952605810101114,0.011038245109090879,0.003888266482828358,0.018990850919191993,0.01872134100000089,9.181867252317169e-4
strongscale_native_np24_2x4x3_N968,24,2x4x3,480,240,320,5,5,495,0.007963782129292952,0.011091636402020173,0.0032183941151515717,0.019055418531313126,0.018743039000000294,9.941959883795384e-4
strongscale_native_np24_2x4x3_N968,24,2x4x3,480,240,320,6,5,495,0.008880054072727284,0.011036659971717116,0.003359585105050494,0.0199167140444444,0.019221307000000465,0.0015590000033525232
strongscale_native_np24_2x4x3_N968,24,2x4x3,480,240,320,7,5,495,0.007994936464646522,0.011084216541414152,0.0038075683010101416,0.019079153006060674,0.018790007000001552,9.526282489713994e-4
strongscale_native_np24_2x4x3_N968,24,2x4x3,480,240,320,8,5,495,0.007913187761616173,0.010957547874747458,0.0032331504868686758,0.01887073563636363,0.01867485000000002,7.642856074152288e-4
strongscale_native_np24_2x4x3_N968,24,2x4x3,480,240,320,9,5,495,0.009506535759595952,0.01109328608484846,0.0024512700363636826,0.02059982184444441,0.019662140999999522,0.0019842373399631933
strongscale_native_np24_2x4x3_N968,24,2x4x3,480,240,320,10,5,495,0.007944357987878809,0.011029650931313171,0.003090900359595925,0.01897400891919198,0.01871371200000027,8.411811786680875e-4
strongscale_native_np24_2x4x3_N968,24,2x4x3,480,240,320,11,5,495,0.007976078244444339,0.011039559042424265,0.0021084896787879077,0.019015637286868604,0.01867699700000003,9.88439363939791e-4
strongscale_native_np24_2x4x3_N968,24,2x4x3,480,240,320,12,5,495,0.013323109072727296,0.011003180690909064,0.002279754610100992,0.02432628976363636,0.02404189199999962,0.0010694484516520916
strongscale_native_np24_2x4x3_N968,24,2x4x3,480,240,320,13,5,495,0.00801613354343435,0.011056547923232279,0.0028146478585858573,0.019072681466666627,0.018759488999998908,9.759815502728392e-4
strongscale_native_np24_2x4x3_N968,24,2x4x3,480,240,320,14,5,495,0.008045694573737385,0.011033937155555548,0.0022291409959596413,0.019079631729292935,0.018787383999999463,9.380828469145132e-4
strongscale_native_np24_2x4x3_N968,24,2x4x3,480,240,320,15,5,495,0.008066527026262598,0.01105569010707078,0.003044065325252533,0.01912221713333338,0.018809318999998936,9.870509258493197e-4
strongscale_native_np24_2x4x3_N968,24,2x4x3,480,240,320,16,5,495,0.007917616084848469,0.011007217424242452,0.0038811447737374083,0.01892483350909092,0.018633603999999693,8.94537650978195e-4
strongscale_native_np24_2x4x3_N968,24,2x4x3,480,240,320,17,5,495,0.007938001149494955,0.011011733907070742,0.0033384034444444407,0.0189497350565657,0.0186681749999984,9.242848051847056e-4
strongscale_native_np24_2x4x3_N968,24,2x4x3,480,240,320,18,5,495,0.008001587117171718,0.010983731496969728,0.0034853824282828306,0.018985318614141447,0.01877236300000007,8.624512263250563e-4
strongscale_native_np24_2x4x3_N968,24,2x4x3,480,240,320,19,5,495,0.007900801541414145,0.01103312510101007,0.0039398178868686184,0.018933926642424215,0.018621206999998918,9.104245049624095e-4
strongscale_native_np24_2x4x3_N968,24,2x4x3,480,240,320,20,5,495,0.00790827151111111,0.010970067486868714,0.003981785361616179,0.018878338997979825,0.018764019999998993,6.026005535701581e-4
strongscale_native_np24_2x4x3_N968,24,2x4x3,480,240,320,21,5,495,0.008007509543434337,0.010982063587878768,0.002920960412121197,0.018989573131313105,0.01881551700000017,6.229547367635114e-4
strongscale_native_np24_2x4x3_N968,24,2x4x3,480,240,320,22,5,495,0.00783017956969695,0.010881164325252511,0.003372692345454579,0.018711343894949464,0.018549203999999264,5.781127957202866e-4
strongscale_native_np24_2x4x3_N968,24,2x4x3,480,240,320,23,5,495,0.007857788927272727,0.010943283191919142,0.0024226987999999934,0.018801072119191867,0.018632650000000694,6.736963059423755e-4
strongscale_native_np24_2x6x2_N968,24,2x6x2,480,160,480,0,5,495,0.01655407721414141,0.010760475886868683,0.00238380527070707,0.02731455310101009,0.027003765999998208,0.0011096666224640012
strongscale_native_np24_2x6x2_N968,24,2x6x2,480,160,480,1,5,495,0.011816267559595946,0.0107659672383838,0.0022585594181818132,0.022582234797979748,0.02213835699999933,0.0013393709043302844
strongscale_native_np24_2x6x2_N968,24,2x6x2,480,160,480,2,5,495,0.012907468428282812,0.010757479056565673,0.0034167260686868623,0.023664947484848486,0.022951603000000986,0.0017680825237759287
strongscale_native_np24_2x6x2_N968,24,2x6x2,480,160,480,3,5,495,0.011578849824242423,0.010719064743434347,0.0035698697757575847,0.022297914567676772,0.021958351999998627,0.0011794622639145988
strongscale_native_np24_2x6x2_N968,24,2x6x2,480,160,480,4,5,495,0.012672052953535374,0.010716338606060626,0.003735112654545423,0.023388391559596,0.022637366999999742,0.0017587647649350596
strongscale_native_np24_2x6x2_N968,24,2x6x2,480,160,480,5,5,495,0.011603771109090909,0.010715697034343472,0.003492220515151469,0.02231946814343438,0.022104024999999083,9.306438242916757e-4
strongscale_native_np24_2x6x2_N968,24,2x6x2,480,160,480,6,5,495,0.012649101230303042,0.010710654593939358,0.0037641385616161657,0.0233597558242424,0.02280545200000006,0.0015707283961507203
strongscale_native_np24_2x6x2_N968,24,2x6x2,480,160,480,7,5,495,0.011654843692929358,0.010768447777777777,0.003633337779797994,0.022423291470707134,0.02215003999999965,0.0011093998761843018
strongscale_native_np24_2x6x2_N968,24,2x6x2,480,160,480,8,5,495,0.012893564547474716,0.010658981824242467,0.003926387955555521,0.023552546371717185,0.023056030000001115,0.0013863014670364821
strongscale_native_np24_2x6x2_N968,24,2x6x2,480,160,480,9,5,495,0.011519355462626267,0.010706363545454494,0.0037091057595959025,0.02222571900808076,0.021944761000000312,0.0010163896020288473
strongscale_native_np24_2x6x2_N968,24,2x6x2,480,160,480,10,5,495,0.01328889864646464,0.010681940787878742,0.002791204834343448,0.02397083943434338,0.02308726400000083,0.0022717185009054727
strongscale_native_np24_2x6x2_N968,24,2x6x2,480,160,480,11,5,495,0.011465187733333375,0.0106659749030303,0.002439738248484828,0.022131162636363673,0.021853684999999956,9.684883266778988e-4
strongscale_native_np24_2x6x2_N968,24,2x6x2,480,160,480,12,5,495,0.016464114905050495,0.01068866999797979,0.0024770794666666425,0.027152784903030285,0.026901961000000085,9.359057212916517e-4
strongscale_native_np24_2x6x2_N968,24,2x6x2,480,160,480,13,5,495,0.011625339062626314,0.010757171763636355,0.0022225446888888573,0.022382510826262667,0.022108793000001015,9.965568456979912e-4
strongscale_native_np24_2x6x2_N968,24,2x6x2,480,160,480,14,5,495,0.011677298389898947,0.010662776280808046,0.003520646719191903,0.02234007467070699,0.022128582000000563,9.292996816200657e-4
strongscale_native_np24_2x6x2_N968,24,2x6x2,480,160,480,15,5,495,0.01157255847474752,0.010740313892929284,0.0036270936323232594,0.022312872367676803,0.02194666900000186,0.00119092101352903
strongscale_native_np24_2x6x2_N968,24,2x6x2,480,160,480,16,5,495,0.01160752025050503,0.010699522141414123,0.0037615400787878585,0.022307042391919153,0.02201318800000074,0.0010457570432579064
strongscale_native_np24_2x6x2_N968,24,2x6x2,480,160,480,17,5,495,0.011530447977777808,0.010687284773737394,0.0034852649353534874,0.0222177327515152,0.021940231999998616,9.425618814241698e-4
strongscale_native_np24_2x6x2_N968,24,2x6x2,480,160,480,18,5,495,0.011768806335353507,0.010680011337373776,0.0037068709050504236,0.022448817672727283,0.02218604100000121,0.001036622075718929
strongscale_native_np24_2x6x2_N968,24,2x6x2,480,160,480,19,5,495,0.011524377204040466,0.010684383753535392,0.0035461416101010414,0.022208760957575856,0.02198982200000188,9.757126856232894e-4
strongscale_native_np24_2x6x2_N968,24,2x6x2,480,160,480,20,5,495,0.011789826652525284,0.010654921492929298,0.00441208800202022,0.022444748145454583,0.02232694699999982,7.3200379989581e-4
strongscale_native_np24_2x6x2_N968,24,2x6x2,480,160,480,21,5,495,0.011559397769696951,0.010669091745454528,0.004401648157575794,0.02222848951515148,0.022127391000001495,7.091107150850658e-4
strongscale_native_np24_2x6x2_N968,24,2x6x2,480,160,480,22,5,495,0.011522711658585873,0.010580310460606066,0.002952107993939394,0.02210302211919194,0.021992921999999027,5.394344916875304e-4
strongscale_native_np24_2x6x2_N968,24,2x6x2,480,160,480,23,5,495,0.01137932333333335,0.010648474066666622,0.002621714739393958,0.022027797399999972,0.021828174000001255,8.081251421188796e-4
strongscale_native_np24_3x1x8_N968,24,3x1x8,320,960,120,0,5,495,0.010901730484848472,0.009456970694949503,0.0027959539030303496,0.020358701179797975,0.02004599500000026,0.0011204317611436753
strongscale_native_np24_3x1x8_N968,24,3x1x8,320,960,120,1,5,495,0.004647624347474792,0.009418125820201984,0.004277458064646454,0.014065750167676775,0.01336550800000147,0.0014602128229317952
strongscale_native_np24_3x1x8_N968,24,3x1x8,320,960,120,2,5,495,0.004728531563636287,0.009375309189898965,0.00408698623030303,0.014103840753535251,0.013450145999998497,0.0014408573607315942
strongscale_native_np24_3x1x8_N968,24,3x1x8,320,960,120,3,5,495,0.004787551531313101,0.00937896548888888,0.004287002557575711,0.014166517020201982,0.01351308799999984,0.001379965248132592
strongscale_native_np24_3x1x8_N968,24,3x1x8,320,960,120,4,5,495,0.00534060071111113,0.009302754349494917,0.0042946579333333346,0.014643355060606048,0.013755321999999737,0.0018544622563427704
strongscale_native_np24_3x1x8_N968,24,3x1x8,320,960,120,5,5,495,0.004992911309090944,0.009448618353535306,0.004057682406060657,0.01444152966262625,0.013707398999999398,0.0016445358011453995
strongscale_native_np24_3x1x8_N968,24,3x1x8,320,960,120,6,5,495,0.005001924507070695,0.009342111238383856,0.004052239711111038,0.01434403574545455,0.013561011000001955,0.0017111317575200045
strongscale_native_np24_3x1x8_N968,24,3x1x8,320,960,120,7,5,495,0.00528314907272728,0.009742676612121162,0.0030834684323232464,0.015025825684848441,0.014483929000000728,0.0018922713193147847
strongscale_native_np24_3x1x8_N968,24,3x1x8,320,960,120,8,5,495,0.010889560509090948,0.009050744010101015,0.007209464721212101,0.019940304519191963,0.019846439999998466,7.188972798697471e-4
strongscale_native_np24_3x1x8_N968,24,3x1x8,320,960,120,9,5,495,0.003887637476767712,0.009095572939393918,0.012698629666666681,0.012983210416161631,0.012917042999998074,3.527300839346459e-4
strongscale_native_np24_3x1x8_N968,24,3x1x8,320,960,120,10,5,495,0.003940953143434318,0.009088481563636366,0.010993550068686865,0.013029434707070683,0.012941359999999236,4.0970828921909475e-4
strongscale_native_np24_3x1x8_N968,24,3x1x8,320,960,120,11,5,495,0.0039050367252525583,0.009097360836363628,0.0125208561171717,0.013002397561616186,0.012865543000000201,5.67063792605152e-4
strongscale_native_np24_3x1x8_N968,24,3x1x8,320,960,120,12,5,495,0.003892539244444454,0.009060915547474707,0.010811543220202013,0.012953454791919162,0.012876748000000049,4.311273115938294e-4
strongscale_native_np24_3x1x8_N968,24,3x1x8,320,960,120,13,5,495,0.003895222533333316,0.009062769907070722,0.008069370250505052,0.01295799244040404,0.012861014000000281,4.6142036349551107e-4
strongscale_native_np24_3x1x8_N968,24,3x1x8,320,960,120,14,5,495,0.0039952812929292736,0.009085071921212143,0.009749743880808076,0.013080353214141416,0.01297259399999895,4.588790525952527e-4
strongscale_native_np24_3x1x8_N968,24,3x1x8,320,960,120,15,5,495,0.003906457111111092,0.009061132765656602,0.005231786028282831,0.012967589876767695,0.012849092999998035,5.342572702496801e-4
strongscale_native_np24_3x1x8_N968,24,3x1x8,320,960,120,16,5,495,0.011159332832323237,0.00934977870101012,0.002770043436363586,0.020509111533333357,0.020288229000000157,0.0010113690805086453
strongscale_native_np24_3x1x8_N968,24,3x1x8,320,960,120,17,5,495,0.003976237662626272,0.009393925137373716,0.004271952296969637,0.013370162799999988,0.012899158999999827,9.302738256244926e-4
strongscale_native_np24_3x1x8_N968,24,3x1x8,320,960,120,18,5,495,0.004026297848484869,0.009435594911111086,0.0040299227575757695,0.013461892759595955,0.012897013999999984,0.001052587369057187
strongscale_native_np24_3x1x8_N968,24,3x1x8,320,960,120,19,5,495,0.003974063965656595,0.009393755088888886,0.004430712612121147,0.013367819054545482,0.012992143999998262,7.968485516218309e-4
strongscale_native_np24_3x1x8_N968,24,3x1x8,320,960,120,20,5,495,0.0040572845636363975,0.009053654618181814,0.008027007347474706,0.013110939181818212,0.013017893999998975,4.269137936695093e-4
strongscale_native_np24_3x1x8_N968,24,3x1x8,320,960,120,21,5,495,0.003995924781818193,0.009091193220202052,0.007324598739393931,0.013087118002020245,0.012996198000001513,4.3433499646349915e-4
strongscale_native_np24_3x1x8_N968,24,3x1x8,320,960,120,22,5,495,0.003996102515151508,0.009035508814141465,0.006674872030303066,0.013031611329292973,0.012958765000000483,3.786473309699116e-4
strongscale_native_np24_3x1x8_N968,24,3x1x8,320,960,120,23,5,495,0.003993876741414146,0.009119366145454515,0.005566235240404062,0.01311324288686866,0.013014078000001206,4.743392347603096e-4
strongscale_native_np24_3x2x4_N968,24,3x2x4,320,480,240,0,5,495,0.013892232525252516,0.010138681212121173,0.002532367519191916,0.024030913737373687,0.023688315999999432,0.0011042231098640778
strongscale_native_np24_3x2x4_N968,24,3x2x4,320,480,240,1,5,495,0.007295086422222297,0.010220989517171718,0.0031916194727272785,0.017516075939394016,0.016637324000001286,0.0017120685658752618
strongscale_native_np24_3x2x4_N968,24,3x2x4,320,480,240,2,5,495,0.008299583846464655,0.010227994232323255,0.003117887450505068,0.01852757807878791,0.0177376270000007,0.0022805527481701325
strongscale_native_np24_3x2x4_N968,24,3x2x4,320,480,240,3,5,495,0.007798291248484849,0.010109130294949517,0.0025300584646464463,0.017907421543434367,0.017172099000001495,0.001983480204779797
strongscale_native_np24_3x2x4_N968,24,3x2x4,320,480,240,4,5,495,0.006496290278787877,0.010069136672727295,0.002513828195959569,0.016565426951515173,0.016060828000000527,0.0011551272095834079
strongscale_native_np24_3x2x4_N968,24,3x2x4,320,480,240,5,5,495,0.00625905848282831,0.010155041026262657,0.003279674397979766,0.016414099509090965,0.015998840000001735,9.9313168619534e-4
strongscale_native_np24_3x2x4_N968,24,3x2x4,320,480,240,6,5,495,0.00630966774141413,0.010156412773737333,0.0033704064020201843,0.016466080515151464,0.016039132999999595,0.0010505193731135938
strongscale_native_np24_3x2x4_N968,24,3x2x4,320,480,240,7,5,495,0.006347254064646476,0.010334552387878814,0.002411236442424222,0.01668180645252529,0.01598024299999956,0.0012250378369838021
strongscale_native_np24_3x2x4_N968,24,3x2x4,320,480,240,8,5,495,0.014029240842424236,0.009894634517171675,0.006156930579798019,0.02392387535959591,0.023828743999999347,8.48918333548128e-4
strongscale_native_np24_3x2x4_N968,24,3x2x4,320,480,240,9,5,495,0.006277591038383784,0.009933115214141405,0.0063658463999999885,0.01621070625252519,0.016104460000001097,5.856374114369875e-4
strongscale_native_np24_3x2x4_N968,24,3x2x4,320,480,240,10,5,495,0.006351042761616188,0.009939740919191925,0.0056869318868686776,0.016290783680808114,0.01618528300000044,5.030827828999008e-4
strongscale_native_np24_3x2x4_N968,24,3x2x4,320,480,240,11,5,495,0.006277026557575792,0.009908089961616148,0.006019055230303048,0.01618511651919194,0.016066549999997903,5.342751229854525e-4
strongscale_native_np24_3x2x4_N968,24,3x2x4,320,480,240,12,5,495,0.006184326496969719,0.009897669424242436,0.007167737135353512,0.016081995921212153,0.015953779000000168,5.5312325161216e-4
strongscale_native_np24_3x2x4_N968,24,3x2x4,320,480,240,13,5,495,0.0061168602727272835,0.009929219642424216,0.006385793602020207,0.0160460799151515,0.01595544799999793,5.347246376145173e-4
strongscale_native_np24_3x2x4_N968,24,3x2x4,320,480,240,14,5,495,0.0060952730727272895,0.00988705567272724,0.006016816056565705,0.015982328745454532,0.01587080900000082,5.21232181300671e-4
strongscale_native_np24_3x2x4_N968,24,3x2x4,320,480,240,15,5,495,0.006185325004040399,0.00990984994545454,0.005279102232323236,0.016095174949494938,0.01589870499999968,7.105395706407067e-4
strongscale_native_np24_3x2x4_N968,24,3x2x4,320,480,240,16,5,495,0.013774643541414108,0.01008153974747475,0.0026716107131312603,0.023856183288888857,0.02353501300000005,0.0011163715256127297
strongscale_native_np24_3x2x4_N968,24,3x2x4,320,480,240,17,5,495,0.006404160973737406,0.010156623777777773,0.003323500096969701,0.01656078475151518,0.016088724000001164,0.00112195082532348
strongscale_native_np24_3x2x4_N968,24,3x2x4,320,480,240,18,5,495,0.006417018682828308,0.01008922546464648,0.0032504625494949443,0.01650624414747479,0.016115903999999404,0.001024553778251226
strongscale_native_np24_3x2x4_N968,24,3x2x4,320,480,240,19,5,495,0.0064145232565656456,0.010236335513131358,0.002635245854545459,0.016650858769697005,0.016083478999998846,0.0012185713543323893
strongscale_native_np24_3x2x4_N968,24,3x2x4,320,480,240,20,5,495,0.006256855387878741,0.009934944088888929,0.004204241442424194,0.01619179947676767,0.0161089900000011,5.164528328795193e-4
strongscale_native_np24_3x2x4_N968,24,3x2x4,320,480,240,21,5,495,0.006126894137373711,0.009936713688888902,0.005329137412121249,0.016063607826262614,0.01593303800000001,4.8710219622407323e-4
strongscale_native_np24_3x2x4_N968,24,3x2x4,320,480,240,22,5,495,0.006078007711111014,0.00985746237171708,0.004684396256565736,0.015935470082828092,0.01583099300000068,0.00042034264730723693
strongscale_native_np24_3x2x4_N968,24,3x2x4,320,480,240,23,5,495,0.006103532517171654,0.009924185907070697,0.003903308074747436,0.01602771842424235,0.01587676999999843,5.673574971739744e-4
strongscale_native_np24_3x4x2_N968,24,3x4x2,320,240,480,0,5,495,0.01982094925858586,0.01079469156767677,0.0023168563959595867,0.030615640826262627,0.0303103930000006,0.0011889982223690036
strongscale_native_np24_3x4x2_N968,24,3x4x2,320,240,480,1,5,495,0.012185556733333307,0.010842779422222113,0.002576141161616177,0.023028336155555423,0.0223560340000013,0.0015029733178133855
strongscale_native_np24_3x4x2_N968,24,3x4x2,320,240,480,2,5,495,0.01429071667878784,0.010732267355555518,0.003151085367676791,0.025022984034343356,0.024694204999999414,0.002224652210987129
strongscale_native_np24_3x4x2_N968,24,3x4x2,320,240,480,3,5,495,0.011910880220202034,0.010755871799999995,0.003353252325252509,0.02266675202020203,0.022265196000001097,0.0010923022928427605
strongscale_native_np24_3x4x2_N968,24,3x4x2,320,240,480,4,5,495,0.014335269155555575,0.010684751759596007,0.0032368809010101226,0.025020020915151583,0.02453589399999956,0.002295661078073517
strongscale_native_np24_3x4x2_N968,24,3x4x2,320,240,480,5,5,495,0.011798570622222275,0.010744193119191947,0.003599795903030288,0.022542763741414222,0.022223471999998523,0.0010938801330991014
strongscale_native_np24_3x4x2_N968,24,3x4x2,320,240,480,6,5,495,0.012577458581818171,0.010624793094949467,0.0024785942525252895,0.02320225167676764,0.022798539000000062,0.001367657183893402
strongscale_native_np24_3x4x2_N968,24,3x4x2,320,240,480,7,5,495,0.011810568139393969,0.010737288123232306,0.002357171246464644,0.022547856262626276,0.022302865000000338,9.155388645140486e-4
strongscale_native_np24_3x4x2_N968,24,3x4x2,320,240,480,8,5,495,0.01933451274949497,0.010600192163636368,0.0049218668989899125,0.02993470491313134,0.029788733000000178,8.720809174169799e-4
strongscale_native_np24_3x4x2_N968,24,3x4x2,320,240,480,9,5,495,0.011742453632323254,0.010635384137373693,0.004222219652525313,0.022377837769696946,0.02223181700000154,7.563812910388718e-4
strongscale_native_np24_3x4x2_N968,24,3x4x2,320,240,480,10,5,495,0.012036955004040423,0.010624877880808004,0.005941679030303086,0.022661832884848427,0.022534368999998833,7.408905806476889e-4
strongscale_native_np24_3x4x2_N968,24,3x4x2,320,240,480,11,5,495,0.011662900797979832,0.010564060367676757,0.006224615426262662,0.02222696116565659,0.0221457479999998,6.365140146249995e-4
strongscale_native_np24_3x4x2_N968,24,3x4x2,320,240,480,12,5,495,0.011909616848484857,0.010589620791919201,0.005499747313131292,0.022499237640404058,0.022350788000000676,7.48914411267121e-4
strongscale_native_np24_3x4x2_N968,24,3x4x2,320,240,480,13,5,495,0.01172139138787877,0.01063270035959599,0.005711371476767659,0.022354091747474762,0.02223014900000031,7.493067601979119e-4
strongscale_native_np24_3x4x2_N968,24,3x4x2,320,240,480,14,5,495,0.011840227393939423,0.010621324713131297,0.004310127672727237,0.02246155210707072,0.022325276999998422,7.631492887905049e-4
strongscale_native_np24_3x4x2_N968,24,3x4x2,320,240,480,15,5,495,0.011771428951515195,0.010608724634343477,0.003627168288888845,0.022380153585858674,0.022227286999999762,8.34145509157907e-4
strongscale_native_np24_3x4x2_N968,24,3x4x2,320,240,480,16,5,495,0.019554868373737416,0.010673336034343386,0.0023339579414141374,0.0302282044080808,0.029952049000002035,0.0010533699510815165
strongscale_native_np24_3x4x2_N968,24,3x4x2,320,240,480,17,5,495,0.011778681216161617,0.010721971993939436,0.002802867101010084,0.022500653210101054,0.02218413299999966,9.859970939200054e-4
strongscale_native_np24_3x4x2_N968,24,3x4x2,320,240,480,18,5,495,0.012099257422222204,0.0106516837939394,0.003628275606060587,0.022750941216161606,0.02250742800000083,9.354913272073587e-4
strongscale_native_np24_3x4x2_N968,24,3x4x2,320,240,480,19,5,495,0.011796907957575768,0.010711803824242468,0.003497904014141475,0.022508711781818236,0.02217960299999966,0.001091431782874809
strongscale_native_np24_3x4x2_N968,24,3x4x2,320,240,480,20,5,495,0.011955848828282819,0.010604089181818158,0.004714699002020198,0.022559938010100977,0.02246999899999924,6.082414406929405e-4
strongscale_native_np24_3x4x2_N968,24,3x4x2,320,240,480,21,5,495,0.011680044793939406,0.010600662733333363,0.005138763246464665,0.022280707527272767,0.022202253999999755,5.720839001573173e-4
strongscale_native_np24_3x4x2_N968,24,3x4x2,320,240,480,22,5,495,0.01178718429494945,0.010576987517171805,0.0034889432666667204,0.022364171812121254,0.022284029999998012,5.84761124507555e-4
strongscale_native_np24_3x4x2_N968,24,3x4x2,320,240,480,23,5,495,0.011764174290909087,0.010595861080808134,0.003559113995959617,0.022360035371717223,0.022228003000000385,6.618946483976441e-4
strongscale_native_np24_3x8x1_N968,24,3x8x1,320,120,960,0,5,495,0.030463251909090872,0.014795975232323275,0.003078120183838383,0.04525922714141414,0.045022012000000444,0.0011082518770953852
strongscale_native_np24_3x8x1_N968,24,3x8x1,320,120,960,1,5,495,0.025241538757575805,0.014754302599999965,0.004258208303030281,0.03999584135757577,0.03885173799999997,0.002325894409600893
strongscale_native_np24_3x8x1_N968,24,3x8x1,320,120,960,2,5,495,0.02559546988282828,0.014787509709090896,0.004299166199999982,0.04038297959191917,0.039294005000000354,0.0021692711494930104
strongscale_native_np24_3x8x1_N968,24,3x8x1,320,120,960,3,5,495,0.025224312393939442,0.014735599951515157,0.004370208725252554,0.039959912345454596,0.03915810700000044,0.0019670808001094205
strongscale_native_np24_3x8x1_N968,24,3x8x1,320,120,960,4,5,495,0.02468408241414144,0.01477120478181818,0.004122234620202027,0.03945528719595962,0.03891587200000046,0.0017319706968259255
strongscale_native_np24_3x8x1_N968,24,3x8x1,320,120,960,5,5,495,0.026142757117171723,0.014794314517171751,0.0036488455878787712,0.04093707163434347,0.039775609999995964,0.002959927114921592
strongscale_native_np24_3x8x1_N968,24,3x8x1,320,120,960,6,5,495,0.025025552703030356,0.01476453480606062,0.00382045012323233,0.03979008750909097,0.039258241999998944,0.0017643103064619256
strongscale_native_np24_3x8x1_N968,24,3x8x1,320,120,960,7,5,495,0.024759622066666685,0.014810503393939443,0.002714553543434383,0.03957012546060613,0.03890442900000046,0.002178502440301431
strongscale_native_np24_3x8x1_N968,24,3x8x1,320,120,960,8,5,495,0.03020369980606061,0.014737957650504984,0.0055581463454545035,0.044941657456565594,0.044813632000000325,8.121419544101942e-4
strongscale_native_np24_3x8x1_N968,24,3x8x1,320,120,960,9,5,495,0.023493132444444488,0.014744354981818107,0.007007925915151613,0.038237487426262595,0.0381362439999986,8.209517306971668e-4
strongscale_native_np24_3x8x1_N968,24,3x8x1,320,120,960,10,5,495,0.02340018390303027,0.014780595531313103,0.0061901790929293245,0.03818077943434337,0.0381097790000009,7.731290993801569e-4
strongscale_native_np24_3x8x1_N968,24,3x8x1,320,120,960,11,5,495,0.023481685929292912,0.014725165890909064,0.0070964693010101155,0.038206851820201976,0.03807997700000065,9.229391801636614e-4
strongscale_native_np24_3x8x1_N968,24,3x8x1,320,120,960,12,5,495,0.023363094602020268,0.014747641284848494,0.007367008377777737,0.03811073588686876,0.03799343000000022,0.0011489959295500256
strongscale_native_np24_3x8x1_N968,24,3x8x1,320,120,960,13,5,495,0.023540645642424245,0.01475773820202021,0.005731346602020181,0.03829838384444446,0.038181781999998776,8.526394999910925e-4
strongscale_native_np24_3x8x1_N968,24,3x8x1,320,120,960,14,5,495,0.02357607563434343,0.014728232597979788,0.006455925260606086,0.03830430823232322,0.038216351999999176,7.856691017285864e-4
strongscale_native_np24_3x8x1_N968,24,3x8x1,320,120,960,15,5,495,0.023445572511111047,0.014731599816161588,0.004877693959595911,0.038177172327272635,0.03803777599999947,0.0010953015862444403
strongscale_native_np24_3x8x1_N968,24,3x8x1,320,120,960,16,5,495,0.030622791513131336,0.014720080109090943,0.003077232456565662,0.04534287162222228,0.044973373999999566,0.0012843402111228836
strongscale_native_np24_3x8x1_N968,24,3x8x1,320,120,960,17,5,495,0.023436036745454546,0.014761016333333347,0.004187198109090832,0.038197053078787895,0.0380897520000012,0.0010403693257829488
strongscale_native_np24_3x8x1_N968,24,3x8x1,320,120,960,18,5,495,0.023622437222222247,0.014733191701010116,0.004365808793939417,0.03835562892323236,0.038212059999999326,0.0011053668240652557
strongscale_native_np24_3x8x1_N968,24,3x8x1,320,120,960,19,5,495,0.023427849599999988,0.014772348195959571,0.004313918305050482,0.03820019779595956,0.03801655699999973,0.0011394320127651881
strongscale_native_np24_3x8x1_N968,24,3x8x1,320,120,960,20,5,495,0.02358086570909088,0.014745343826262592,0.005967473505050477,0.03832620953535347,0.0382602219999999,5.70186272930019e-4
strongscale_native_np24_3x8x1_N968,24,3x8x1,320,120,960,21,5,495,0.023434680868686924,0.0147585396949495,0.005284853644444546,0.03819322056363642,0.038133859000000214,8.186034799531464e-4
strongscale_native_np24_3x8x1_N968,24,3x8x1,320,120,960,22,5,495,0.02339937040000002,0.014674585993939365,0.005346224018181869,0.03807395639393939,0.03805971100000072,5.983061261705643e-4
strongscale_native_np24_3x8x1_N968,24,3x8x1,320,120,960,23,5,495,0.023494494070707053,0.014688828488888892,0.004000661781818189,0.038183322559595945,0.0381453039999986,6.57914338781457e-4
strongscale_native_np24_4x1x6_N968,24,4x1x6,240,960,160,0,5,495,0.014639120842424188,0.009821596991919162,0.003056907644444446,0.02446071783434335,0.024169921999998678,0.0012104643019254097
strongscale_native_np24_4x1x6_N968,24,4x1x6,240,960,160,1,5,495,0.0056518857878787455,0.009918565018181884,0.0033197715979798345,0.01557045080606063,0.015145779000000914,0.0015051509037234273
strongscale_native_np24_4x1x6_N968,24,4x1x6,240,960,160,2,5,495,0.0065312756545454825,0.0096325922383838445,0.003626120210101006,0.016163867892929326,0.01536560100000095,0.0020668019360587523
strongscale_native_np24_4x1x6_N968,24,4x1x6,240,960,160,3,5,495,0.006303230420202069,0.010111275113131259,0.004103288743434399,0.016414505533333328,0.01578307199999962,0.002278494891170701
strongscale_native_np24_4x1x6_N968,24,4x1x6,240,960,160,4,5,495,0.006116667618181813,0.009425783616161632,0.006597746262626209,0.015542451234343444,0.014510871000000591,0.0021546073319637597
strongscale_native_np24_4x1x6_N968,24,4x1x6,240,960,160,5,5,495,0.0061796978545454115,0.009900090153535351,0.003723876143434319,0.016079788008080763,0.015076399000001572,0.0027809770493524323
strongscale_native_np24_4x1x6_N968,24,4x1x6,240,960,160,6,5,495,0.014198973684848485,0.009348399690909035,0.007102580949494978,0.02354737337575752,0.023428201000001536,8.831461917597946e-4
strongscale_native_np24_4x1x6_N968,24,4x1x6,240,960,160,7,5,495,0.004626297248484878,0.009362193301010091,0.00967792788888892,0.01398849054949497,0.013864277999999786,5.238257060208921e-4
strongscale_native_np24_4x1x6_N968,24,4x1x6,240,960,160,8,5,495,0.004677196917171764,0.009305413553535324,0.014118534662626263,0.013982610470707087,0.013910056000000282,4.2410265030609e-4
strongscale_native_np24_4x1x6_N968,24,4x1x6,240,960,160,9,5,495,0.004628572080808061,0.009372546949494989,0.009040248763636335,0.01400111903030305,0.01384878200000017,4.805750990465224e-4
strongscale_native_np24_4x1x6_N968,24,4x1x6,240,960,160,10,5,495,0.004732035604040388,0.009323778078787832,0.012224128993939421,0.01405581368282822,0.013931751000001213,3.662805338354339e-4
strongscale_native_np24_4x1x6_N968,24,4x1x6,240,960,160,11,5,495,0.004735107632323238,0.009298370832323237,0.007794621490909104,0.014033478464646474,0.013820887000001392,6.513516325648877e-4
strongscale_native_np24_4x1x6_N968,24,4x1x6,240,960,160,12,5,495,0.014444270296969668,0.009345081593939378,0.008839808573737395,0.023789351890909048,0.02377009399999963,9.988280135022137e-4
strongscale_native_np24_4x1x6_N968,24,4x1x6,240,960,160,13,5,495,0.004649854402020224,0.009337540824242336,0.008379634737373682,0.01398739522626256,0.013884305999999569,4.696525225989572e-4
strongscale_native_np24_4x1x6_N968,24,4x1x6,240,960,160,14,5,495,0.004740515634343473,0.009287031771717197,0.010277799630303008,0.014027547406060669,0.013955355000000225,3.724839429995996e-4
strongscale_native_np24_4x1x6_N968,24,4x1x6,240,960,160,15,5,495,0.0046172585212121585,0.009279934587878744,0.01018405971111117,0.013897193109090903,0.013806104000000374,4.15360475420994e-4
strongscale_native_np24_4x1x6_N968,24,4x1x6,240,960,160,16,5,495,0.004690670727272732,0.009307386919191907,0.00868655359595961,0.01399805764646464,0.013890506000000968,4.521070869270361e-4
strongscale_native_np24_4x1x6_N968,24,4x1x6,240,960,160,17,5,495,0.00464416944646457,0.009335451943434329,0.004519274230303066,0.013979621389898897,0.013864994000000408,5.134882276461847e-4
strongscale_native_np24_4x1x6_N968,24,4x1x6,240,960,160,18,5,495,0.014576334397979732,0.009670596660606025,0.00368347793939399,0.024246931058585757,0.023753881000001087,0.0015476529314654157
strongscale_native_np24_4x1x6_N968,24,4x1x6,240,960,160,19,5,495,0.004905508488888872,0.00978464646464649,0.005770343270707067,0.014690154953535364,0.014317511999999866,9.581809943360498e-4
strongscale_native_np24_4x1x6_N968,24,4x1x6,240,960,160,20,5,495,0.004859929616161596,0.009295613369696995,0.009206167850505072,0.014155542985858591,0.014028787999999182,4.1660964292815784e-4
strongscale_native_np24_4x1x6_N968,24,4x1x6,240,960,160,21,5,495,0.004765272143434345,0.009355121200000009,0.00824425675555555,0.014120393343434354,0.013982773000002169,4.4744125946082926e-4
strongscale_native_np24_4x1x6_N968,24,4x1x6,240,960,160,22,5,495,0.0047589176585858504,0.009281694547474777,0.005644475086868639,0.014040612206060628,0.013950586000001763,3.8559077887441174e-4
strongscale_native_np24_4x1x6_N968,24,4x1x6,240,960,160,23,5,495,0.004697578593939398,0.009350459232323216,0.003991721856565699,0.014048037826262615,0.013912200000000041,5.32410199924981e-4
strongscale_native_np24_4x2x3_N968,24,4x2x3,240,480,320,0,5,495,0.019167563870707078,0.011084304187878808,0.0025935476585858203,0.030251868058585887,0.029786587000000253,0.0015302554917017955
strongscale_native_np24_4x2x3_N968,24,4x2x3,240,480,320,1,5,495,0.010227559816161634,0.011085617204040402,0.0032991346686868125,0.021313177020202037,0.021031857000000542,0.001968544285201811
strongscale_native_np24_4x2x3_N968,24,4x2x3,240,480,320,2,5,495,0.00897287551313131,0.011149213270707099,0.002770807268686771,0.02012208878383841,0.01922249800000131,0.0016373520796899366
strongscale_native_np24_4x2x3_N968,24,4x2x3,240,480,320,3,5,495,0.009553239313131288,0.011271004737373719,0.002847864155555464,0.02082424405050501,0.020539521999999977,0.0017215999840134333
strongscale_native_np24_4x2x3_N968,24,4x2x3,240,480,320,4,5,495,0.008129673814141451,0.010998329993939375,0.0035157145616161204,0.019128003808080826,0.01894712499999862,7.196906393192575e-4
strongscale_native_np24_4x2x3_N968,24,4x2x3,240,480,320,5,5,495,0.008182432161616203,0.011147506319191921,0.0027127786141414104,0.019329938480808124,0.018851041000001345,0.001071981128539232
strongscale_native_np24_4x2x3_N968,24,4x2x3,240,480,320,6,5,495,0.018799013070707044,0.010930029535353492,0.00529079196767673,0.029729042606060536,0.029313326000000473,0.0015375916347870504
strongscale_native_np24_4x2x3_N968,24,4x2x3,240,480,320,7,5,495,0.008186870145454564,0.010914641189899002,0.006226543002020254,0.019101511335353566,0.018975735000001492,6.182162987419949e-4
strongscale_native_np24_4x2x3_N968,24,4x2x3,240,480,320,8,5,495,0.008198699078787902,0.010887229810100988,0.006069690997979828,0.01908592888888889,0.018983840999998947,5.069172831938548e-4
strongscale_native_np24_4x2x3_N968,24,4x2x3,240,480,320,9,5,495,0.0080730833050505,0.010889794117171732,0.007509777779798074,0.018962877422222232,0.018872021999998267,5.783951007234534e-4
strongscale_native_np24_4x2x3_N968,24,4x2x3,240,480,320,10,5,495,0.008059761266666628,0.010920274111111102,0.007455474698989959,0.018980035377777732,0.018857479999999427,6.034908638690097e-4
strongscale_native_np24_4x2x3_N968,24,4x2x3,240,480,320,11,5,495,0.008061243810100961,0.010838235030302948,0.005497098670707096,0.01889947884040391,0.018727541000000514,7.39490628562453e-4
strongscale_native_np24_4x2x3_N968,24,4x2x3,240,480,320,12,5,495,0.019274585888888935,0.010850955977777776,0.00612529455555552,0.030125541866666713,0.029725312999998366,0.0017368266079977395
strongscale_native_np24_4x2x3_N968,24,4x2x3,240,480,320,13,5,495,0.00820163476969697,0.010883096737373773,0.006751414525252518,0.019084731507070744,0.018989087000001348,5.058115133543081e-4
strongscale_native_np24_4x2x3_N968,24,4x2x3,240,480,320,14,5,495,0.008158527240404017,0.01087289289696962,0.006727575036363601,0.019031420137373637,0.018924235999998373,5.543252016748445e-4
strongscale_native_np24_4x2x3_N968,24,4x2x3,240,480,320,15,5,495,0.008111072288888816,0.010865188359596002,0.005964226654545423,0.018976260648484816,0.01886367800000066,6.558294650949936e-4
strongscale_native_np24_4x2x3_N968,24,4x2x3,240,480,320,16,5,495,0.008035461335353504,0.010881263549494912,0.006569981789899029,0.018916724884848416,0.018828869000000026,5.448668301015643e-4
strongscale_native_np24_4x2x3_N968,24,4x2x3,240,480,320,17,5,495,0.008080926066666733,0.010873064357575863,0.005030083903030306,0.018953990424242596,0.01879811299999723,6.577347823626026e-4
strongscale_native_np24_4x2x3_N968,24,4x2x3,240,480,320,18,5,495,0.01856694705252521,0.011009030406060558,0.003825043672727236,0.02957597745858577,0.02915024700000224,0.0016926828261384886
strongscale_native_np24_4x2x3_N968,24,4x2x3,240,480,320,19,5,495,0.00829679988686878,0.011104597698989851,0.0037904561373736587,0.019401397585858633,0.018954277000002406,0.0010346764770146166
strongscale_native_np24_4x2x3_N968,24,4x2x3,240,480,320,20,5,495,0.008270653341414106,0.010907693349494981,0.004718670688888876,0.01917834669090909,0.019108772999999246,4.4456337546420723e-4
strongscale_native_np24_4x2x3_N968,24,4x2x3,240,480,320,21,5,495,0.008175171282828284,0.010875829026262692,0.004030000816161541,0.019051000309090974,0.01895189200000047,4.959494178926268e-4
strongscale_native_np24_4x2x3_N968,24,4x2x3,240,480,320,22,5,495,0.008038359454545424,0.010893392058585792,0.00545428161616155,0.018931751513131215,0.018810510999999863,4.8598844067519075e-4
strongscale_native_np24_4x2x3_N968,24,4x2x3,240,480,320,23,5,495,0.007994042505050612,0.010865160905050533,0.004453037218181791,0.018859203410101145,0.018778562000001386,4.571217321795442e-4
strongscale_native_np24_4x3x2_N968,24,4x3x2,240,320,480,0,5,495,0.022510019454545453,0.010601362525252522,0.0024827167353535756,0.033111381979797974,0.03268241900000035,0.0017281394252864253
strongscale_native_np24_4x3x2_N968,24,4x3x2,240,320,480,1,5,495,0.011785096826262621,0.010652449151515149,0.0027982302222222485,0.022437545977777768,0.02185082500000135,0.0014688089524226902
strongscale_native_np24_4x3x2_N968,24,4x3x2,240,320,480,2,5,495,0.014071329191919184,0.010624747353535378,0.0033374815050505008,0.024696076545454564,0.02464675999999777,0.002158101245831541
strongscale_native_np24_4x3x2_N968,24,4x3x2,240,320,480,3,5,495,0.011510085553535422,0.010592924460606055,0.0035111518868686776,0.02210301001414148,0.021735191999999515,0.001086323386841512
strongscale_native_np24_4x3x2_N968,24,4x3x2,240,320,480,4,5,495,0.012324041767676819,0.010541324432323258,0.003195262664646476,0.022865366200000077,0.022184133999999744,0.0014291214942964159
strongscale_native_np24_4x3x2_N968,24,4x3x2,240,320,480,5,5,495,0.011453638183838384,0.01056759335353542,0.0029803714222222197,0.022021231537373804,0.021812200999999476,7.562405824107226e-4
strongscale_native_np24_4x3x2_N968,24,4x3x2,240,320,480,6,5,495,0.021932313909090933,0.010474894246464627,0.005101475096969745,0.03240720815555556,0.032217264999999884,0.0011516184474837617
strongscale_native_np24_4x3x2_N968,24,4x3x2,240,320,480,7,5,495,0.011425405591919117,0.010489722446464667,0.005201601276767645,0.021915128038383785,0.02186274499999996,4.810561060522789e-4
strongscale_native_np24_4x3x2_N968,24,4x3x2,240,320,480,8,5,495,0.011616297929292939,0.010463334575757518,0.006397393222222238,0.022079632505050458,0.021942377000000235,7.482946756033999e-4
strongscale_native_np24_4x3x2_N968,24,4x3x2,240,320,480,9,5,495,0.011335338765656573,0.010538452317171744,0.006866921321212092,0.021873791082828317,0.02172303199999881,7.716613718596904e-4
strongscale_native_np24_4x3x2_N968,24,4x3x2,240,320,480,10,5,495,0.011446379159596023,0.010509596933333282,0.005333780997979833,0.021955976092929305,0.021857500000001195,6.268367860002412e-4
strongscale_native_np24_4x3x2_N968,24,4x3x2,240,320,480,11,5,495,0.011402459561616174,0.010473302866666695,0.004604155638383705,0.021875762428282867,0.021730422999999277,7.442720600124181e-4
strongscale_native_np24_4x3x2_N968,24,4x3x2,240,320,480,12,5,495,0.022213645430303033,0.010472763907070758,0.005750613286868638,0.032686409337373795,0.03227233900000037,0.0017572070443898137
strongscale_native_np24_4x3x2_N968,24,4x3x2,240,320,480,13,5,495,0.01138153123232324,0.010542903288888834,0.0052610161515151705,0.021924434521212077,0.021821260000001175,6.393093747201336e-4
strongscale_native_np24_4x3x2_N968,24,4x3x2,240,320,480,14,5,495,0.01157972595959601,0.010475837345454547,0.006579610559595964,0.022055563305050558,0.02194404499999969,6.078126669693002e-4
strongscale_native_np24_4x3x2_N968,24,4x3x2,240,320,480,15,5,495,0.011431100131313187,0.010472539018181829,0.006655532670707067,0.021903639149495016,0.021760940000000062,7.918938692332631e-4
strongscale_native_np24_4x3x2_N968,24,4x3x2,240,320,480,16,5,495,0.011463248119191933,0.010471679230303016,0.005192996501010073,0.02193492734949495,0.021825789999997625,6.240392225275476e-4
strongscale_native_np24_4x3x2_N968,24,4x3x2,240,320,480,17,5,495,0.011314904577777759,0.010457386153535364,0.005155830220202092,0.02177229073131312,0.021673202999998864,5.457160541538678e-4
strongscale_native_np24_4x3x2_N968,24,4x3x2,240,320,480,18,5,495,0.02201696020606055,0.0105052875757576,0.003439286234343393,0.03252224778181815,0.03220081399999941,0.0014316910790759085
strongscale_native_np24_4x3x2_N968,24,4x3x2,240,320,480,19,5,495,0.011451635909090886,0.010550410814141396,0.003319013951515116,0.02200204672323228,0.02176332600000208,8.699614186568008e-4
strongscale_native_np24_4x3x2_N968,24,4x3x2,240,320,480,20,5,495,0.011689149957575683,0.010508739595959625,0.0051787106707070745,0.022197889553535306,0.022118330000001407,4.8813007412194304e-4
strongscale_native_np24_4x3x2_N968,24,4x3x2,240,320,480,21,5,495,0.011387796577777713,0.010499134460606073,0.0057742788424242466,0.021886931038383784,0.021794796000000005,6.032809997621172e-4
strongscale_native_np24_4x3x2_N968,24,4x3x2,240,320,480,22,5,495,0.011558243230303047,0.010439861179797935,0.003825922214141394,0.021998104410100982,0.021955012999999468,3.8971714523359586e-4
strongscale_native_np24_4x3x2_N968,24,4x3x2,240,320,480,23,5,495,0.011305106284848456,0.010483933955555491,0.004028405565656506,0.021789040240403946,0.02167057999999855,7.132641816686313e-4
strongscale_native_np24_4x6x1_N968,24,4x6x1,240,160,960,0,5,495,0.03289700806868688,0.01451612531515156,0.002869288129292911,0.047413133383838436,0.047091483999999184,0.0016433175331786838
strongscale_native_np24_4x6x1_N968,24,4x6x1,240,160,960,1,5,495,0.02453789852929292,0.014417118030303083,0.0032265224545454437,0.038955016559596004,0.03815817800000154,0.0022613734142128174
strongscale_native_np24_4x6x1_N968,24,4x6x1,240,160,960,2,5,495,0.026470292244444513,0.01448379528484849,0.0033076729333333297,0.040954087529293005,0.04050660199999889,0.002808987868441621
strongscale_native_np24_4x6x1_N968,24,4x6x1,240,160,960,3,5,495,0.02487886795353532,0.014441935680808081,0.003600028571717162,0.0393208036343434,0.0382757189999996,0.0025375557617842636
strongscale_native_np24_4x6x1_N968,24,4x6x1,240,160,960,4,5,495,0.025298079080808066,0.014486134147474761,0.0051721163292930295,0.03978421322828283,0.038501024000002104,0.0025052496808473526
strongscale_native_np24_4x6x1_N968,24,4x6x1,240,160,960,5,5,495,0.02489809556969691,0.014510072385858568,0.003432089349494881,0.039408167955555476,0.0385830399999989,0.0023022585734492488
strongscale_native_np24_4x6x1_N968,24,4x6x1,240,160,960,6,5,495,0.03292532641414133,0.014464933220202019,0.005416307541414084,0.047390259634343346,0.04732060399999938,8.577846546104266e-4
strongscale_native_np24_4x6x1_N968,24,4x6x1,240,160,960,7,5,495,0.023364998581818223,0.014490179593939381,0.006341796933333371,0.037855178175757606,0.037751436999998944,7.084061153257684e-4
strongscale_native_np24_4x6x1_N968,24,4x6x1,240,160,960,8,5,495,0.023789851832323225,0.014420173119191889,0.0071471874242424425,0.03821002495151511,0.038139581000000256,6.273963635568438e-4
strongscale_native_np24_4x6x1_N968,24,4x6x1,240,160,960,9,5,495,0.02367961863030306,0.01447436209292925,0.006491367763636386,0.03815398072323231,0.03804564599999871,8.290241737770538e-4
strongscale_native_np24_4x6x1_N968,24,4x6x1,240,160,960,10,5,495,0.023515410866666697,0.014464647622222195,0.006521381022222215,0.03798005848888889,0.03789067299999971,6.363228522759682e-4
strongscale_native_np24_4x6x1_N968,24,4x6x1,240,160,960,11,5,495,0.023587658418181754,0.01443550225252526,0.005536643921212199,0.03802316067070701,0.03788685799999847,7.534405338942932e-4
strongscale_native_np24_4x6x1_N968,24,4x6x1,240,160,960,12,5,495,0.033078373795959466,0.01448497435151515,0.00667642298787877,0.047563348147474614,0.04739046099999911,0.0011369086778227724
strongscale_native_np24_4x6x1_N968,24,4x6x1,240,160,960,13,5,495,0.02358704239191916,0.014511504787878876,0.0066274878949494085,0.038098547179798034,0.038017988,6.743126172851159e-4
strongscale_native_np24_4x6x1_N968,24,4x6x1,240,160,960,14,5,495,0.023461348109090913,0.014456096309090841,0.006725647941414062,0.037917444418181755,0.03778219199999988,8.613425399978254e-4
strongscale_native_np24_4x6x1_N968,24,4x6x1,240,160,960,15,5,495,0.023393618965656577,0.014439960450505121,0.007043975290909103,0.0378335794161617,0.0377366539999997,7.350329397832816e-4
strongscale_native_np24_4x6x1_N968,24,4x6x1,240,160,960,16,5,495,0.023629780505050563,0.01442855824646467,0.00577036973333336,0.038058338751515236,0.037968636000000444,6.148794154253931e-4
strongscale_native_np24_4x6x1_N968,24,4x6x1,240,160,960,17,5,495,0.02333280293737374,0.014460950896969572,0.004419893676767711,0.03779375383434331,0.037758588999999176,6.577331833766629e-4
strongscale_native_np24_4x6x1_N968,24,4x6x1,240,160,960,18,5,495,0.03332445116969692,0.014500407511111202,0.004150570296969664,0.04782485868080812,0.04747319199999822,0.0015070869870393003
strongscale_native_np24_4x6x1_N968,24,4x6x1,240,160,960,19,5,495,0.02366631490707078,0.014528073664646427,0.005005224286868695,0.038194388571717204,0.03799295399999991,0.0011928330281685594
strongscale_native_np24_4x6x1_N968,24,4x6x1,240,160,960,20,5,495,0.02374014997373733,0.014441536412121148,0.00555253464040403,0.038181686385858477,0.03810477200000051,7.149032771780702e-4
strongscale_native_np24_4x6x1_N968,24,4x6x1,240,160,960,21,5,495,0.023685295395959628,0.014478723949494895,0.005270373248484815,0.03816401934545452,0.03809857400000283,6.690549549590144e-4
strongscale_native_np24_4x6x1_N968,24,4x6x1,240,160,960,22,5,495,0.023581494678787902,0.014381547874747401,0.004745808004040349,0.0379630425535353,0.037814139999998275,6.942492120329294e-4
strongscale_native_np24_4x6x1_N968,24,4x6x1,240,160,960,23,5,495,0.023409863684848476,0.014454866662626199,0.003787023854545339,0.03786473034747467,0.03782701499999952,6.679335000640261e-4
strongscale_native_np24_6x1x4_N968,24,6x1x4,160,960,240,0,5,495,0.0223312406808081,0.009888462088888848,0.003205477088888846,0.03221970276969695,0.032074212999999574,0.001658451368940031
strongscale_native_np24_6x1x4_N968,24,6x1x4,160,960,240,1,5,495,0.007896671402020241,0.009885191678787923,0.003983717248484883,0.017781863080808164,0.016569614000001565,0.0023935902189437717
strongscale_native_np24_6x1x4_N968,24,6x1x4,160,960,240,2,5,495,0.008602936084848451,0.009855782363636394,0.003737592210101062,0.018458718448484845,0.017724037000000692,0.0024673064283293905
strongscale_native_np24_6x1x4_N968,24,6x1x4,160,960,240,3,5,495,0.008566222042424349,0.010001880955555563,0.003064673832323206,0.018568102997979914,0.01667428100000201,0.004019178793407289
strongscale_native_np24_6x1x4_N968,24,6x1x4,160,960,240,4,5,495,0.0218630270464647,0.009788261779797927,0.012044341646464698,0.03165128882626263,0.03150796899999975,0.0014308099123743964
strongscale_native_np24_6x1x4_N968,24,6x1x4,160,960,240,5,5,495,0.0063836155535353335,0.009773319416161523,0.013820273428282827,0.016156934969696855,0.016102790999999783,3.0971944784876764e-4
strongscale_native_np24_6x1x4_N968,24,6x1x4,160,960,240,6,5,495,0.006433729179798017,0.009763174800000027,0.01095709654747479,0.016196903979798043,0.016133785999997485,5.534320444871126e-4
strongscale_native_np24_6x1x4_N968,24,6x1x4,160,960,240,7,5,495,0.006458377363636389,0.00982284930101004,0.010020629331313227,0.016281226664646428,0.016109704999999863,6.259684649100333e-4
strongscale_native_np24_6x1x4_N968,24,6x1x4,160,960,240,8,5,495,0.02185558452525259,0.009741026961616195,0.012094652294949462,0.031596611486868785,0.03146314600000011,0.0014788823571058782
strongscale_native_np24_6x1x4_N968,24,6x1x4,160,960,240,9,5,495,0.006420647975757652,0.009800331971717093,0.013191370989899013,0.016220979947474744,0.016149520999999112,3.7462896919581633e-4
strongscale_native_np24_6x1x4_N968,24,6x1x4,160,960,240,10,5,495,0.006444464773737334,0.00979954934747471,0.010893793779797933,0.016244014121212045,0.01616287200000066,3.381330366439442e-4
strongscale_native_np24_6x1x4_N968,24,6x1x4,160,960,240,11,5,495,0.0064554469676768155,0.009793447725252582,0.00977745200808091,0.016248894692929398,0.01602840400000005,6.60921050811406e-4
strongscale_native_np24_6x1x4_N968,24,6x1x4,160,960,240,12,5,495,0.022034700957575776,0.009771262753535442,0.0128202770686869,0.03180596371111122,0.03154206199999976,0.00174714908505298
strongscale_native_np24_6x1x4_N968,24,6x1x4,160,960,240,13,5,495,0.0063806509696970005,0.00979457766060615,0.013720490236363582,0.01617522863030315,0.016105652000000248,3.5535435089218564e-4
strongscale_native_np24_6x1x4_N968,24,6x1x4,160,960,240,14,5,495,0.00640125322424237,0.009767251054545492,0.010417830850505048,0.01616850427878786,0.01610636699999901,3.9869763596552617e-4
strongscale_native_np24_6x1x4_N968,24,6x1x4,160,960,240,15,5,495,0.006538907915151554,0.009786485440404157,0.011807078078787787,0.01632539335555571,0.01601839100000113,8.502916773658598e-4
strongscale_native_np24_6x1x4_N968,24,6x1x4,160,960,240,16,5,495,0.021864952711111083,0.00976037786464648,0.011997575490909096,0.03162533057575757,0.031630993000000274,0.001392471320807065
strongscale_native_np24_6x1x4_N968,24,6x1x4,160,960,240,17,5,495,0.006391821987878778,0.009778178339393947,0.014173956088888832,0.016170000327272723,0.016097306999999006,4.5451610562503815e-4
strongscale_native_np24_6x1x4_N968,24,6x1x4,160,960,240,18,5,495,0.006413294090909099,0.009762192258585869,0.011235955721212195,0.016175486349494967,0.016124725999999256,3.559385892066574e-4
strongscale_native_np24_6x1x4_N968,24,6x1x4,160,960,240,19,5,495,0.006483807676767656,0.009797965165656503,0.009755146604040423,0.016281772842424158,0.01608323999999861,6.608796803530285e-4
strongscale_native_np24_6x1x4_N968,24,6x1x4,160,960,240,20,5,495,0.03179480667272725,0.00975508062626268,0.005167284858585932,0.04154988729898993,0.04091978099999949,0.0029949951340556627
strongscale_native_np24_6x1x4_N968,24,6x1x4,160,960,240,21,5,495,0.006452807046464722,0.00976730838989901,0.006893816371717214,0.016220115436363734,0.016133070000002192,3.9360999876468533e-4
strongscale_native_np24_6x1x4_N968,24,6x1x4,160,960,240,22,5,495,0.006511240298989896,0.00976303659191923,0.0067385755535353505,0.016274276890909125,0.016193628000003457,3.596823188692061e-4
strongscale_native_np24_6x1x4_N968,24,6x1x4,160,960,240,23,5,495,0.006455222533333398,0.009790702325252547,0.005281142038383742,0.016245924858585947,0.016179799999999744,3.583999984850702e-4
strongscale_native_np24_6x2x2_N968,24,6x2x2,160,480,480,0,5,495,0.029703562197979802,0.01064225061010099,0.0029745516202020483,0.04034581280808079,0.04026293799999969,0.001835733650612711
strongscale_native_np24_6x2x2_N968,24,6x2x2,160,480,480,1,5,495,0.012385624567676782,0.010715568408080743,0.0036381928525252155,0.023101192975757523,0.021983146999996706,0.001931787611378306
strongscale_native_np24_6x2x2_N968,24,6x2x2,160,480,480,2,5,495,0.012528409870707026,0.010649820311111223,0.003393165030302977,0.02317823018181825,0.02230262800000027,0.001730784263802048
strongscale_native_np24_6x2x2_N968,24,6x2x2,160,480,480,3,5,495,0.011309141056565683,0.010644458985858583,0.0033828388505050245,0.021953600042424266,0.021610736999999602,0.0011252882290917526
strongscale_native_np24_6x2x2_N968,24,6x2x2,160,480,480,4,5,495,0.028939005844444452,0.01051224602828284,0.007998137523232352,0.03945125187272729,0.038783550999998084,0.0025544941499258365
strongscale_native_np24_6x2x2_N968,24,6x2x2,160,480,480,5,5,495,0.011372556595959604,0.010549927216161605,0.008182319983838383,0.021922483812121207,0.021879910999999197,3.9900137881426686e-4
strongscale_native_np24_6x2x2_N968,24,6x2x2,160,480,480,6,5,495,0.011416594676767713,0.010521869890909105,0.008058345684848478,0.02193846456767682,0.021839141999999256,3.9739607030740026e-4
strongscale_native_np24_6x2x2_N968,24,6x2x2,160,480,480,7,5,495,0.011252016509090967,0.010566590527272678,0.006882217640404039,0.021818607036363645,0.021750688999999213,4.7054399181748136e-4
strongscale_native_np24_6x2x2_N968,24,6x2x2,160,480,480,8,5,495,0.02786509147676762,0.010480926494949463,0.0075709809878787586,0.038346017971717085,0.03835582800000026,0.0011348257478060177
strongscale_native_np24_6x2x2_N968,24,6x2x2,160,480,480,9,5,495,0.011376957939393958,0.010533427274747513,0.007839895016161618,0.021910385214141473,0.021869898000000276,3.2622014749538017e-4
strongscale_native_np24_6x2x2_N968,24,6x2x2,160,480,480,10,5,495,0.011358003886868657,0.010536990511111139,0.008036725218181757,0.021894994397979796,0.02185678499999888,3.060475073775006e-4
strongscale_native_np24_6x2x2_N968,24,6x2x2,160,480,480,11,5,495,0.011218102303030247,0.010518952084848491,0.007065893436363626,0.021737054387878738,0.02168369299999995,4.016275134762197e-4
strongscale_native_np24_6x2x2_N968,24,6x2x2,160,480,480,12,5,495,0.02747641956161614,0.010515456717171707,0.008276669165656529,0.03799187627878785,0.038046599000002956,0.0013512028036432372
strongscale_native_np24_6x2x2_N968,24,6x2x2,160,480,480,13,5,495,0.011372560903030345,0.010547156771717147,0.008584883270707014,0.021919717674747492,0.02187585799999958,2.867729227425813e-4
strongscale_native_np24_6x2x2_N968,24,6x2x2,160,480,480,14,5,495,0.011343327909090983,0.010511204230303061,0.008656139577777841,0.021854532139394044,0.02182626799999987,2.358282963636311e-4
strongscale_native_np24_6x2x2_N968,24,6x2x2,160,480,480,15,5,495,0.011190865260606146,0.010495981547474727,0.006792100783838362,0.021686846808080872,0.021623849000000916,4.047466669664013e-4
strongscale_native_np24_6x2x2_N968,24,6x2x2,160,480,480,16,5,495,0.02790146159797974,0.010491731440403959,0.008095394490909043,0.0383931930383837,0.03846073100000069,0.0012866642339307718
strongscale_native_np24_6x2x2_N968,24,6x2x2,160,480,480,17,5,495,0.011305824424242559,0.010495086612121165,0.008448906614141435,0.021800911036363724,0.021749973000000367,3.5698021750817435e-4
strongscale_native_np24_6x2x2_N968,24,6x2x2,160,480,480,18,5,495,0.011284207826262662,0.010491541177777699,0.008102214666666628,0.02177574900404036,0.02174210600000137,2.7676461141719116e-4
strongscale_native_np24_6x2x2_N968,24,6x2x2,160,480,480,19,5,495,0.011239520482828233,0.01050198778181813,0.007117844088888888,0.021741508264646364,0.021639823999999308,5.13260117679363e-4
strongscale_native_np24_6x2x2_N968,24,6x2x2,160,480,480,20,5,495,0.03704971351717164,0.010566532781818141,0.005451083905050538,0.04761624629898978,0.04746675400000022,0.0017422233331097251
strongscale_native_np24_6x2x2_N968,24,6x2x2,160,480,480,21,5,495,0.011449267644444443,0.010569576755555605,0.005484565583838363,0.022018844400000046,0.02194190099999993,4.0854027543500894e-4
strongscale_native_np24_6x2x2_N968,24,6x2x2,160,480,480,22,5,495,0.011398101575757517,0.010504736103030252,0.00547747373131315,0.021902837678787767,0.021834611000000947,3.823597177289584e-4
strongscale_native_np24_6x2x2_N968,24,6x2x2,160,480,480,23,5,495,0.01119454224646456,0.010547611876767653,0.005248007169696959,0.021742154123232212,0.021680831999999484,4.396544310837754e-4
strongscale_native_np24_6x4x1_N968,24,6x4x1,160,240,960,0,5,495,0.03943547290707071,0.014600129547474786,0.002997878111111145,0.0540356024545455,0.05376386599999705,0.001973950390350109
strongscale_native_np24_6x4x1_N968,24,6x4x1,160,240,960,1,5,495,0.025424539682828262,0.014527381094949507,0.0034785828868686736,0.03995192077777777,0.03860640599999954,0.0030124210550764273
strongscale_native_np24_6x4x1_N968,24,6x4x1,160,240,960,2,5,495,0.026686064391919163,0.014543996191919208,0.0036170651131312934,0.04123006058383837,0.04109668800000321,0.0027782467305987337
strongscale_native_np24_6x4x1_N968,24,6x4x1,160,240,960,3,5,495,0.025086154365656553,0.014525102355555587,0.0028518474363636755,0.03961125672121214,0.038312673000000075,0.0035212215752818557
strongscale_native_np24_6x4x1_N968,24,6x4x1,160,240,960,4,5,495,0.03892245003636356,0.014591254133333304,0.008504601705050505,0.05351370416969686,0.05328106799999954,0.00156171831524477
strongscale_native_np24_6x4x1_N968,24,6x4x1,160,240,960,5,5,495,0.023634415424242407,0.01456499387070701,0.008855014399999982,0.038199409294949416,0.038215398999998484,5.551438748963426e-4
strongscale_native_np24_6x4x1_N968,24,6x4x1,160,240,960,6,5,495,0.023536007329292907,0.014591452078787887,0.007621035907070748,0.038127459408080794,0.038098573000002744,4.040383616997002e-4
strongscale_native_np24_6x4x1_N968,24,6x4x1,160,240,960,7,5,495,0.02353106650505049,0.014602001270707059,0.007360629830303092,0.03813306777575755,0.037980555999999055,7.347306279700146e-4
strongscale_native_np24_6x4x1_N968,24,6x4x1,160,240,960,8,5,495,0.03931953354949489,0.01450785530303039,0.008956035002020133,0.05382738885252528,0.05357694699999982,0.0016163377463994464
strongscale_native_np24_6x4x1_N968,24,6x4x1,160,240,960,9,5,495,0.023634412553535288,0.01456953494545467,0.009121628953535374,0.038203947498989956,0.03816580800000047,4.894162447635674e-4
strongscale_native_np24_6x4x1_N968,24,6x4x1,160,240,960,10,5,495,0.023734380248484815,0.014535670834343496,0.00731926011515149,0.03827005108282831,0.03825664500000059,6.453661132164957e-4
strongscale_native_np24_6x4x1_N968,24,6x4x1,160,240,960,11,5,495,0.023371376646464617,0.014547374509090879,0.008072820783838334,0.0379187511555555,0.03783130799999945,7.422276799847769e-4
strongscale_native_np24_6x4x1_N968,24,6x4x1,160,240,960,12,5,495,0.03912328662828289,0.014482923933333306,0.00833233054949494,0.0536062105616162,0.053344249999994986,0.0015537133366495528
strongscale_native_np24_6x4x1_N968,24,6x4x1,160,240,960,13,5,495,0.02355357661414138,0.01456870022020203,0.00896335996969692,0.03812227683434341,0.03804135400000064,4.2570240878172475e-4
strongscale_native_np24_6x4x1_N968,24,6x4x1,160,240,960,14,5,495,0.023794428030303055,0.01445568787878787,0.007527014719191916,0.03825011590909092,0.03819942600000026,4.395110340148535e-4
strongscale_native_np24_6x4x1_N968,24,6x4x1,160,240,960,15,5,495,0.02364161712929292,0.01447444681212118,0.007294289274747419,0.0381160639414141,0.03806900999999918,6.981891662939482e-4
strongscale_native_np24_6x4x1_N968,24,6x4x1,160,240,960,16,5,495,0.03917618281616159,0.014558520454545454,0.009142844840404177,0.053734703270707035,0.05346965899999745,0.0017845189921222432
strongscale_native_np24_6x4x1_N968,24,6x4x1,160,240,960,17,5,495,0.023412511343434375,0.014509481848484886,0.008691960636363558,0.03792199319191926,0.037898064000000176,3.641475497365887e-4
strongscale_native_np24_6x4x1_N968,24,6x4x1,160,240,960,18,5,495,0.023480170195959733,0.014567992634343408,0.007490631535353521,0.03804816283030314,0.03798127200000323,7.205138547319057e-4
strongscale_native_np24_6x4x1_N968,24,6x4x1,160,240,960,19,5,495,0.023283630456565667,0.01453628541616168,0.007900146533333326,0.037819915872727344,0.03775429799999941,5.500265568147733e-4
strongscale_native_np24_6x4x1_N968,24,6x4x1,160,240,960,20,5,495,0.049439775101010136,0.014532718769696938,0.0052148077414141064,0.06397249387070708,0.06314802300000011,0.003246061079956759
strongscale_native_np24_6x4x1_N968,24,6x4x1,160,240,960,21,5,495,0.02378992935555558,0.014559543973737462,0.006434624620202045,0.03834947332929304,0.03828644800000092,6.720953610614699e-4
strongscale_native_np24_6x4x1_N968,24,6x4x1,160,240,960,22,5,495,0.023899413109090883,0.014457722888888901,0.0053895497454545215,0.03835713599797979,0.03831815599999899,6.269712027703615e-4
strongscale_native_np24_6x4x1_N968,24,6x4x1,160,240,960,23,5,495,0.023692850155555507,0.014516264484848447,0.005134700509090855,0.038209114640403954,0.03811716999999959,5.230777957160696e-4
strongscale_native_np24_8x1x3_N968,24,8x1x3,120,960,320,0,5,495,0.03117228374949498,0.008355626193939451,0.003879053424242376,0.03952790994343443,0.03880906100000203,0.0033962746352012942
strongscale_native_np24_8x1x3_N968,24,8x1x3,120,960,320,1,5,495,0.009528523747474763,0.008791060418181788,0.00371378790909088,0.01831958416565655,0.018685341000001188,0.0022265826531439907
strongscale_native_np24_8x1x3_N968,24,8x1x3,120,960,320,2,5,495,0.00934891169494956,0.008442056535353553,0.0029907968424243126,0.017790968230303114,0.017091037000000142,0.0027163001593874603
strongscale_native_np24_8x1x3_N968,24,8x1x3,120,960,320,3,5,495,0.024028047391919254,0.007754038329292852,0.018608173202020285,0.031782085721212106,0.03142714500000032,0.001532118425683788
strongscale_native_np24_8x1x3_N968,24,8x1x3,120,960,320,4,5,495,0.0075680072747475735,0.00776691966464644,0.007793459735353498,0.015334926939394014,0.015318871000001621,1.2581345203263955e-4
strongscale_native_np24_8x1x3_N968,24,8x1x3,120,960,320,5,5,495,0.007544167848484852,0.0077879202181818,0.007222033995959507,0.015332088066666652,0.015292404999996734,2.672245492553928e-4
strongscale_native_np24_8x1x3_N968,24,8x1x3,120,960,320,6,5,495,0.027650776806060633,0.007762012107070712,0.03402667285454542,0.03541278891313135,0.034707068999999535,0.002612955194580438
strongscale_native_np24_8x1x3_N968,24,8x1x3,120,960,320,7,5,495,0.007613787521212091,0.007778051208080717,0.031217487890909095,0.015391838729292808,0.015355826000000405,2.5372340695009913e-4
strongscale_native_np24_8x1x3_N968,24,8x1x3,120,960,320,8,5,495,0.007573206739393933,0.007773350177777796,0.006096401129292952,0.01534655691717173,0.015314340000003313,1.925228559736981e-4
strongscale_native_np24_8x1x3_N968,24,8x1x3,120,960,320,9,5,495,0.027161138705050554,0.0077485421454547105,0.0102215082868687,0.03490968085050526,0.03494715699999951,0.002006870504650131
strongscale_native_np24_8x1x3_N968,24,8x1x3,120,960,320,10,5,495,0.007815426987878736,0.007765888939394009,0.019139615957575812,0.015581315927272745,0.015534162000001572,2.975594915547228e-4
strongscale_native_np24_8x1x3_N968,24,8x1x3,120,960,320,11,5,495,0.007917849721212095,0.007756945587878791,0.011765758478787969,0.015674795309090887,0.01551938000000419,6.423535126889573e-4
strongscale_native_np24_8x1x3_N968,24,8x1x3,120,960,320,12,5,495,0.030211201090909037,0.007747134274747465,0.0064890683232322445,0.0379583353656565,0.037298202999998864,0.0029142884542026747
strongscale_native_np24_8x1x3_N968,24,8x1x3,120,960,320,13,5,495,0.007742328814141558,0.00777812915151516,0.00855814277979797,0.015520457965656717,0.015478850000000932,3.142877444011434e-4
strongscale_native_np24_8x1x3_N968,24,8x1x3,120,960,320,14,5,495,0.007697091937373708,0.0077609091030302994,0.005500241032323261,0.015458001040404007,0.015408516000004369,3.087811623759933e-4
strongscale_native_np24_8x1x3_N968,24,8x1x3,120,960,320,15,5,495,0.027170006892929355,0.007783383060606033,0.006627751876767686,0.034953389953535384,0.03484249099999914,0.002738788259471971
strongscale_native_np24_8x1x3_N968,24,8x1x3,120,960,320,16,5,495,0.007563078478787844,0.00774935088282812,0.009211652896969654,0.015312429361615964,0.015277385000000976,2.18282122091271e-4
strongscale_native_np24_8x1x3_N968,24,8x1x3,120,960,320,17,5,495,0.007802566874747411,0.007771124034343407,0.00816868723838374,0.01557369090909082,0.015529632999999876,3.1327112486511803e-4
strongscale_native_np24_8x1x3_N968,24,8x1x3,120,960,320,18,5,495,0.02688913825252522,0.007761805458585926,0.03193422228282831,0.034650943711111146,0.03460407199999871,0.0012540958441436545
strongscale_native_np24_8x1x3_N968,24,8x1x3,120,960,320,19,5,495,0.007560598486868688,0.007767475967676843,0.00901795251313121,0.015328074454545532,0.015274524999998818,3.2901433611016485e-4
strongscale_native_np24_8x1x3_N968,24,8x1x3,120,960,320,20,5,495,0.008950224329292902,0.007753773886868665,0.028408226371717256,0.016703998216161565,0.016429902000002272,9.527711311751646e-4
strongscale_native_np24_8x1x3_N968,24,8x1x3,120,960,320,21,5,495,0.03385312243030306,0.007762467769696964,0.027394308719191882,0.041615590200000024,0.04127287899999921,0.0021509158091335217
strongscale_native_np24_8x1x3_N968,24,8x1x3,120,960,320,22,5,495,0.007712145517171682,0.007758798545454452,0.027994021006060667,0.015470944062626136,0.015435695000000749,2.566540383453082e-4
strongscale_native_np24_8x1x3_N968,24,8x1x3,120,960,320,23,5,495,0.008116711509090813,0.008379118369696945,0.0037558714363637173,0.016495829878787758,0.01545524699999934,0.0014739210508656032
strongscale_native_np24_8x3x1_N968,24,8x3x1,120,320,960,0,5,495,0.04606236351515154,0.012995647660606095,0.0037202844828281797,0.05905801117575763,0.05844187699999992,0.0034261189984918145
strongscale_native_np24_8x3x1_N968,24,8x3x1,120,320,960,1,5,495,0.022610440385858604,0.012859096854545437,0.0036712429494949175,0.03546953724040404,0.03500008600000193,0.001685224553330302
strongscale_native_np24_8x3x1_N968,24,8x3x1,120,320,960,2,5,495,0.021808978264646454,0.01288127176767676,0.003049243587878736,0.03469025003232321,0.03420901200000159,0.0013604858564350494
strongscale_native_np24_8x3x1_N968,24,8x3x1,120,320,960,3,5,495,0.03883005488484852,0.01276507523636359,0.009286870377777732,0.051595130121212106,0.05091357199999891,0.0020314650479199984
strongscale_native_np24_8x3x1_N968,24,8x3x1,120,320,960,4,5,495,0.02129968586060608,0.01290708986464648,0.008128008185858559,0.03420677572525256,0.0341539390000003,3.003893321423301e-4
strongscale_native_np24_8x3x1_N968,24,8x3x1,120,320,960,5,5,495,0.021336257860606035,0.012916800470707089,0.006887951749495003,0.03425305833131312,0.03419661499999904,5.050806965841243e-4
strongscale_native_np24_8x3x1_N968,24,8x3x1,120,320,960,6,5,495,0.043190433048484744,0.012868650042424276,0.01446527568080806,0.056059083090909026,0.055679320999999504,0.0028636831971363495
strongscale_native_np24_8x3x1_N968,24,8x3x1,120,320,960,7,5,495,0.021340247373737374,0.012886082032323254,0.026377532943434357,0.03422632940606063,0.03416514499999934,5.36329658478122e-4
strongscale_native_np24_8x3x1_N968,24,8x3x1,120,320,960,8,5,495,0.021492356018181835,0.012871141630302951,0.006444655048484921,0.034363497648484786,0.034272908999998464,4.8320195488692295e-4
strongscale_native_np24_8x3x1_N968,24,8x3x1,120,320,960,9,5,495,0.041678184000000056,0.012879347076767673,0.00844298085858587,0.05455753107676773,0.05465340699999999,0.002240510426059238
strongscale_native_np24_8x3x1_N968,24,8x3x1,120,320,960,10,5,495,0.021429826256565625,0.012831141262626302,0.010475989076767727,0.03426096751919193,0.03422069600000199,3.9863073776645955e-4
strongscale_native_np24_8x3x1_N968,24,8x3x1,120,320,960,11,5,495,0.021470262541414084,0.012806055787878757,0.00877125430707067,0.03427631832929284,0.03417444200000119,6.120852888008302e-4
strongscale_native_np24_8x3x1_N968,24,8x3x1,120,320,960,12,5,495,0.04233466205454545,0.012835363854545421,0.007635209044444465,0.05517002590909086,0.05486178399999986,0.0018485535631483662
strongscale_native_np24_8x3x1_N968,24,8x3x1,120,320,960,13,5,495,0.021718171153535408,0.012858598383838304,0.0075699873515151775,0.034576769537373715,0.03448152600000043,4.962470399352369e-4
strongscale_native_np24_8x3x1_N968,24,8x3x1,120,320,960,14,5,495,0.02145729928686876,0.012805246600000054,0.007781020098989986,0.03426254588686881,0.03416109099999787,5.56909505150803e-4
strongscale_native_np24_8x3x1_N968,24,8x3x1,120,320,960,15,5,495,0.03992503820000004,0.01282072309090912,0.007363052044444464,0.05274576129090916,0.05224513900000005,0.0023204542159263697
strongscale_native_np24_8x3x1_N968,24,8x3x1,120,320,960,16,5,495,0.02123500076767674,0.012825084458585835,0.007620245046464672,0.034060085226262575,0.03401756399999911,3.048716275441255e-4
strongscale_native_np24_8x3x1_N968,24,8x3x1,120,320,960,17,5,495,0.02130385937171721,0.01284259738989901,0.006885892678787903,0.03414645676161622,0.034092664000000994,4.532078741300281e-4
strongscale_native_np24_8x3x1_N968,24,8x3x1,120,320,960,18,5,495,0.04012891402424248,0.012830030543434384,0.027280220842424256,0.052958944567676865,0.053047894999999734,0.0010575593163335102
strongscale_native_np24_8x3x1_N968,24,8x3x1,120,320,960,19,5,495,0.021270509670707122,0.012845831701010193,0.007581747901010177,0.03411634137171732,0.03399610500000172,4.992108760179799e-4
strongscale_native_np24_8x3x1_N968,24,8x3x1,120,320,960,20,5,495,0.022098906838383864,0.01286257927878778,0.009124869038383816,0.03496148611717165,0.03494811100000028,4.377596514717177e-4
strongscale_native_np24_8x3x1_N968,24,8x3x1,120,320,960,21,5,495,0.04736372583232326,0.012847675448484915,0.02302908320202011,0.06021140128080818,0.06015634599999942,0.0014031653500579085
strongscale_native_np24_8x3x1_N968,24,8x3x1,120,320,960,22,5,495,0.0211588960747476,0.012833380488888917,0.007197820769696895,0.03399227656363652,0.03396582600000286,3.4450565882882206e-4
strongscale_native_np24_8x3x1_N968,24,8x3x1,120,320,960,23,5,495,0.021172853937373778,0.012833749381818247,0.004831336250505047,0.03400660331919202,0.03398346899999982,3.565028395811041e-4
